index,timestamp [ns],gaze x [px],gaze y [px],ref_center_x,ref_center_y
0,1634115210200000000,799.766125,384.9685,791,384
0,1634115210200000000,799.766125,384.9685,791,383
0,1634115210200000000,799.766125,384.9685,792,381
0,1634115210200000000,799.766125,384.9685,793,379
0,1634115210200000000,799.766125,384.9685,793,379
0,1634115210200000000,799.766125,384.9685,793,379
0,1634115210200000000,799.766125,384.9685,794,379
0,1634115210200000000,799.766125,384.9685,794,380
0,1634115210200000000,799.766125,384.9685,796,381
0,1634115210200000000,799.766125,384.9685,799,381
0,1634115210200000000,799.766125,384.9685,800,381
0,1634115210200000000,799.766125,384.9685,800,382
0,1634115210200000000,799.766125,384.9685,801,383
0,1634115210200000000,799.766125,384.9685,801,384
0,1634115210200000000,799.766125,384.9685,803,385
0,1634115210200000000,799.766125,384.9685,806,386
0,1634115210200000000,799.766125,384.9685,807,388
0,1634115210200000000,799.766125,384.9685,809,388
0,1634115210200000000,799.766125,384.9685,809,389
0,1634115210200000000,799.766125,384.9685,810,389
0,1634115210200000000,799.766125,384.9685,813,389
0,1634115210200000000,799.766125,384.9685,318,363
0,1634115210200000000,799.766125,384.9685,815,391
0,1634115210200000000,799.766125,384.9685,816,392
0,1634115210200000000,799.766125,384.9685,817,392
0,1634115210200000000,799.766125,384.9685,323,363
0,1634115210200000000,799.766125,384.9685,323,363
0,1634115210200000000,799.766125,384.9685,819,392
0,1634115210200000000,799.766125,384.9685,820,392
0,1634115210200000000,799.766125,384.9685,824,392
0,1634115210200000000,799.766125,384.9685,824,392
0,1634115210200000000,799.766125,384.9685,823,392
0,1634115210200000000,799.766125,384.9685,994,441
0,1634115210200000000,799.766125,384.9685,479,734
0,1634115210200000000,799.766125,384.9685,482,734
0,1634115210200000000,799.766125,384.9685,285,793
0,1634115210200000000,799.766125,384.9685,289,793
0,1634115210200000000,799.766125,384.9685,292,794
0,1634115210200000000,799.766125,384.9685,293,795
0,1634115210200000000,799.766125,384.9685,293,797
0,1634115210200000000,799.766125,384.9685,541,195
0,1634115210200000000,799.766125,384.9685,541,195
0,1634115210200000000,799.766125,384.9685,541,195
0,1634115210200000000,799.766125,384.9685,541,195
0,1634115210200000000,799.766125,384.9685,541,195
0,1634115210200000000,799.766125,384.9685,428,423
0,1634115210200000000,799.766125,384.9685,629,244
0,1634115210200000000,799.766125,384.9685,629,244
0,1634115210200000000,799.766125,384.9685,830,401
0,1634115210200000000,799.766125,384.9685,830,400
0,1634115210200000000,799.766125,384.9685,830,400
0,1634115210200000000,799.766125,384.9685,258,795
0,1634115210200000000,799.766125,384.9685,830,400
0,1634115210200000000,799.766125,384.9685,259,796
0,1634115210200000000,799.766125,384.9685,257,796
0,1634115210200000000,799.766125,384.9685,539,196
0,1634115210200000000,799.766125,384.9685,249,809
0,1634115210200000000,799.766125,384.9685,793,362
0,1634115210200000000,799.766125,384.9685,792,362
0,1634115210200000000,799.766125,384.9685,793,363
0,1634115210200000000,799.766125,384.9685,152,223
0,1634115210200000000,799.766125,384.9685,206,610
0,1634115210200000000,799.766125,384.9685,207,610
0,1634115210200000000,799.766125,384.9685,18,868
0,1634115210200000000,799.766125,384.9685,151,224
0,1634115210200000000,799.766125,384.9685,151,224
0,1634115210200000000,799.766125,384.9685,9,867
0,1634115210200000000,799.766125,384.9685,9,867
0,1634115210200000000,799.766125,384.9685,800,411
0,1634115210200000000,799.766125,384.9685,80,219
0,1634115210200000000,799.766125,384.9685,163,509
0,1634115210200000000,799.766125,384.9685,163,509
0,1634115210200000000,799.766125,384.9685,90,217
0,1634115210200000000,799.766125,384.9685,90,217
0,1634115210200000000,799.766125,384.9685,90,217
0,1634115210200000000,799.766125,384.9685,90,217
0,1634115210200000000,799.766125,384.9685,90,217
0,1634115210200000000,799.766125,384.9685,444,499
0,1634115210200000000,799.766125,384.9685,444,499
0,1634115210200000000,799.766125,384.9685,444,499
0,1634115210200000000,799.766125,384.9685,444,499
0,1634115210200000000,799.766125,384.9685,444,498
0,1634115210200000000,799.766125,384.9685,881,432
0,1634115210200000000,799.766125,384.9685,881,470
0,1634115210200000000,799.766125,384.9685,946,327
0,1634115210200000000,799.766125,384.9685,685,203
0,1634115210200000000,799.766125,384.9685,685,203
0,1634115210200000000,799.766125,384.9685,685,203
0,1634115210200000000,799.766125,384.9685,545,204
0,1634115210200000000,799.766125,384.9685,545,204
0,1634115210200000000,799.766125,384.9685,545,204
0,1634115210200000000,799.766125,384.9685,545,204
0,1634115210200000000,799.766125,384.9685,545,204
0,1634115210200000000,799.766125,384.9685,545,203
0,1634115210200000000,799.766125,384.9685,545,203
0,1634115210200000000,799.766125,384.9685,545,203
0,1634115210200000000,799.766125,384.9685,16,619
0,1634115210200000000,799.766125,384.9685,16,619
0,1634115210200000000,799.766125,384.9685,390,597
0,1634115210200000000,799.766125,384.9685,16,619
0,1634115210200000000,799.766125,384.9685,195,959
0,1634115210200000000,799.766125,384.9685,24,869
0,1634115210200000000,799.766125,384.9685,25,868
0,1634115210200000000,799.766125,384.9685,17,619
0,1634115210200000000,799.766125,384.9685,302,908
0,1634115210200000000,799.766125,384.9685,302,908
0,1634115210200000000,799.766125,384.9685,302,908
0,1634115210200000000,799.766125,384.9685,681,183
0,1634115210200000000,799.766125,384.9685,512,500
0,1634115210200000000,799.766125,384.9685,631,242
0,1634115210200000000,799.766125,384.9685,543,194
0,1634115210200000000,799.766125,384.9685,543,194
0,1634115210200000000,799.766125,384.9685,957,271
0,1634115210200000000,799.766125,384.9685,957,271
0,1634115210200000000,799.766125,384.9685,957,267
0,1634115210200000000,799.766125,384.9685,1011,333
0,1634115210200000000,799.766125,384.9685,957,279
0,1634115210200000000,799.766125,384.9685,1032,800
0,1634115210200000000,799.766125,384.9685,397,523
0,1634115210200000000,799.766125,384.9685,854,365
0,1634115210200000000,799.766125,384.9685,1069,359
0,1634115210200000000,799.766125,384.9685,856,404
0,1634115210200000000,799.766125,384.9685,857,406
0,1634115210200000000,799.766125,384.9685,111,554
0,1634115210200000000,799.766125,384.9685,113,552
0,1634115210200000000,799.766125,384.9685,859,404
0,1634115210200000000,799.766125,384.9685,115,528
0,1634115210200000000,799.766125,384.9685,861,415
0,1634115210200000000,799.766125,384.9685,116,571
0,1634115210200000000,799.766125,384.9685,863,422
0,1634115210200000000,799.766125,384.9685,119,559
0,1634115210200000000,799.766125,384.9685,865,423
0,1634115210200000000,799.766125,384.9685,865,472
0,1634115210200000000,799.766125,384.9685,865,372
0,1634115210200000000,799.766125,384.9685,867,438
0,1634115210200000000,799.766125,384.9685,864,372
0,1634115210200000000,799.766125,384.9685,865,417
0,1634115210200000000,799.766125,384.9685,865,393
0,1634115210200000000,799.766125,384.9685,867,424
0,1634115210200000000,799.766125,384.9685,867,394
0,1634115210200000000,799.766125,384.9685,867,394
0,1634115210200000000,799.766125,384.9685,867,394
0,1634115210200000000,799.766125,384.9685,867,394
0,1634115210200000000,799.766125,384.9685,863,601
0,1634115210200000000,799.766125,384.9685,867,408
0,1634115210200000000,799.766125,384.9685,867,467
0,1634115210200000000,799.766125,384.9685,868,384
0,1634115210200000000,799.766125,384.9685,868,384
0,1634115210200000000,799.766125,384.9685,867,390
0,1634115210200000000,799.766125,384.9685,867,384
0,1634115210200000000,799.766125,384.9685,869,403
0,1634115210200000000,799.766125,384.9685,869,388
0,1634115210200000000,799.766125,384.9685,869,375
0,1634115210200000000,799.766125,384.9685,869,368
0,1634115210200000000,799.766125,384.9685,871,450
0,1634115210200000000,799.766125,384.9685,871,450
0,1634115210200000000,799.766125,384.9685,867,593
0,1634115210200000000,799.766125,384.9685,867,593
0,1634115210200000000,799.766125,384.9685,869,372
0,1634115210200000000,799.766125,384.9685,868,363
0,1634115210200000000,799.766125,384.9685,868,367
0,1634115210200000000,799.766125,384.9685,868,374
0,1634115210200000000,799.766125,384.9685,868,370
0,1634115210200000000,799.766125,384.9685,868,371
0,1634115210200000000,799.766125,384.9685,868,372
0,1634115210200000000,799.766125,384.9685,869,375
0,1634115210200000000,799.766125,384.9685,869,373
0,1634115210200000000,799.766125,384.9685,869,368
0,1634115210200000000,799.766125,384.9685,869,371
0,1634115210200000000,799.766125,384.9685,868,369
0,1634115210200000000,799.766125,384.9685,869,415
0,1634115210200000000,799.766125,384.9685,869,414
0,1634115210200000000,799.766125,384.9685,868,375
0,1634115210200000000,799.766125,384.9685,868,375
0,1634115210200000000,799.766125,384.9685,868,375
0,1634115210200000000,799.766125,384.9685,867,575
0,1634115210200000000,799.766125,384.9685,869,375
0,1634115210200000000,799.766125,384.9685,867,594
0,1634115210200000000,799.766125,384.9685,867,594
0,1634115210200000000,799.766125,384.9685,867,594
0,1634115210200000000,799.766125,384.9685,871,425
0,1634115210200000000,799.766125,384.9685,870,375
0,1634115210200000000,799.766125,384.9685,871,368
0,1634115210200000000,799.766125,384.9685,873,401
0,1634115210200000000,799.766125,384.9685,128,548
0,1634115210200000000,799.766125,384.9685,873,374
0,1634115210200000000,799.766125,384.9685,873,368
0,1634115210200000000,799.766125,384.9685,873,368
0,1634115210200000000,799.766125,384.9685,128,634
0,1634115210200000000,799.766125,384.9685,873,369
0,1634115210200000000,799.766125,384.9685,871,594
0,1634115210200000000,799.766125,384.9685,874,376
0,1634115210200000000,799.766125,384.9685,130,552
0,1634115210200000000,799.766125,384.9685,130,552
0,1634115210200000000,799.766125,384.9685,875,376
0,1634115210200000000,799.766125,384.9685,875,375
0,1634115210200000000,799.766125,384.9685,875,375
0,1634115210200000000,799.766125,384.9685,875,375
0,1634115210200000000,799.766125,384.9685,875,375
0,1634115210200000000,799.766125,384.9685,877,431
0,1634115210200000000,799.766125,384.9685,877,429
0,1634115210200000000,799.766125,384.9685,877,423
0,1634115210200000000,799.766125,384.9685,877,431
0,1634115210200000000,799.766125,384.9685,875,368
0,1634115210200000000,799.766125,384.9685,134,462
0,1634115210200000000,799.766125,384.9685,131,517
0,1634115210200000000,799.766125,384.9685,131,515
0,1634115210200000000,799.766125,384.9685,134,462
0,1634115210200000000,799.766125,384.9685,875,371
0,1634115210200000000,799.766125,384.9685,875,372
0,1634115210200000000,799.766125,384.9685,877,422
0,1634115210200000000,799.766125,384.9685,131,551
0,1634115210200000000,799.766125,384.9685,875,371
0,1634115210200000000,799.766125,384.9685,875,373
0,1634115210200000000,799.766125,384.9685,874,367
0,1634115210200000000,799.766125,384.9685,874,373
0,1634115210200000000,799.766125,384.9685,875,422
0,1634115210200000000,799.766125,384.9685,875,396
0,1634115210200000000,799.766125,384.9685,873,570
0,1634115210200000000,799.766125,384.9685,875,420
0,1634115210200000000,799.766125,384.9685,875,435
0,1634115210200000000,799.766125,384.9685,875,435
0,1634115210200000000,799.766125,384.9685,875,417
0,1634115210200000000,799.766125,384.9685,875,440
0,1634115210200000000,799.766125,384.9685,875,441
0,1634115210200000000,799.766125,384.9685,871,593
0,1634115210200000000,799.766125,384.9685,875,416
0,1634115210200000000,799.766125,384.9685,875,416
0,1634115210200000000,799.766125,384.9685,875,423
0,1634115210200000000,799.766125,384.9685,875,398
0,1634115210200000000,799.766125,384.9685,131,520
0,1634115210200000000,799.766125,384.9685,131,522
0,1634115210200000000,799.766125,384.9685,134,461
0,1634115210200000000,799.766125,384.9685,130,561
0,1634115210200000000,799.766125,384.9685,130,548
0,1634115210200000000,799.766125,384.9685,130,560
0,1634115210200000000,799.766125,384.9685,130,560
0,1634115210200000000,799.766125,384.9685,874,525
0,1634115210200000000,799.766125,384.9685,873,531
0,1634115210200000000,799.766125,384.9685,129,517
0,1634115210200000000,799.766125,384.9685,873,368
0,1634115210200000000,799.766125,384.9685,873,368
0,1634115210200000000,799.766125,384.9685,873,368
0,1634115210200000000,799.766125,384.9685,875,424
0,1634115210200000000,799.766125,384.9685,875,374
0,1634115210200000000,799.766125,384.9685,131,530
0,1634115210200000000,799.766125,384.9685,131,530
0,1634115210200000000,799.766125,384.9685,131,530
0,1634115210200000000,799.766125,384.9685,877,502
0,1634115210200000000,799.766125,384.9685,878,421
0,1634115210200000000,799.766125,384.9685,132,548
0,1634115210200000000,799.766125,384.9685,878,423
0,1634115210200000000,799.766125,384.9685,877,402
0,1634115210200000000,799.766125,384.9685,877,402
0,1634115210200000000,799.766125,384.9685,131,544
0,1634115210200000000,799.766125,384.9685,875,370
0,1634115210200000000,799.766125,384.9685,133,482
0,1634115210200000000,799.766125,384.9685,871,608
0,1634115210200000000,799.766125,384.9685,871,592
0,1634115210200000000,799.766125,384.9685,871,592
0,1634115210200000000,799.766125,384.9685,871,595
0,1634115210200000000,799.766125,384.9685,871,594
0,1634115210200000000,799.766125,384.9685,871,598
0,1634115210200000000,799.766125,384.9685,871,594
0,1634115210200000000,799.766125,384.9685,871,594
0,1634115210200000000,799.766125,384.9685,875,424
0,1634115210200000000,799.766125,384.9685,130,551
0,1634115210200000000,799.766125,384.9685,875,376
0,1634115210200000000,799.766125,384.9685,875,376
0,1634115210200000000,799.766125,384.9685,134,463
0,1634115210200000000,799.766125,384.9685,135,460
0,1634115210200000000,799.766125,384.9685,130,548
0,1634115210200000000,799.766125,384.9685,130,546
0,1634115210200000000,799.766125,384.9685,130,551
0,1634115210200000000,799.766125,384.9685,130,552
0,1634115210200000000,799.766125,384.9685,130,552
0,1634115210200000000,799.766125,384.9685,130,546
0,1634115210200000000,799.766125,384.9685,130,546
0,1634115210200000000,799.766125,384.9685,130,546
0,1634115210200000000,799.766125,384.9685,875,423
0,1634115210200000000,799.766125,384.9685,875,422
0,1634115210200000000,799.766125,384.9685,875,421
0,1634115210200000000,799.766125,384.9685,875,422
0,1634115210200000000,799.766125,384.9685,875,423
0,1634115210200000000,799.766125,384.9685,875,423
0,1634115210200000000,799.766125,384.9685,875,422
0,1634115210200000000,799.766125,384.9685,875,423
0,1634115210200000000,799.766125,384.9685,875,423
0,1634115210200000000,799.766125,384.9685,875,490
0,1634115210200000000,799.766125,384.9685,875,420
0,1634115210200000000,799.766125,384.9685,131,509
0,1634115210200000000,799.766125,384.9685,877,470
0,1634115210200000000,799.766125,384.9685,132,506
0,1634115210200000000,799.766125,384.9685,875,376
0,1634115210200000000,799.766125,384.9685,875,375
0,1634115210200000000,799.766125,384.9685,130,551
0,1634115210200000000,799.766125,384.9685,875,375
0,1634115210200000000,799.766125,384.9685,875,374
0,1634115210200000000,799.766125,384.9685,875,373
0,1634115210200000000,799.766125,384.9685,875,376
0,1634115210200000000,799.766125,384.9685,877,434
0,1634115210200000000,799.766125,384.9685,873,594
0,1634115210200000000,799.766125,384.9685,877,436
0,1634115210200000000,799.766125,384.9685,875,526
0,1634115210200000000,799.766125,384.9685,873,595
0,1634115210200000000,799.766125,384.9685,133,509
0,1634115210200000000,799.766125,384.9685,878,425
0,1634115210200000000,799.766125,384.9685,879,426
0,1634115210200000000,799.766125,384.9685,879,402
0,1634115210200000000,799.766125,384.9685,880,422
0,1634115210200000000,799.766125,384.9685,880,422
0,1634115210200000000,799.766125,384.9685,879,403
0,1634115210200000000,799.766125,384.9685,879,402
0,1634115210200000000,799.766125,384.9685,879,402
0,1634115210200000000,799.766125,384.9685,879,405
0,1634115210200000000,799.766125,384.9685,879,405
0,1634115210200000000,799.766125,384.9685,879,403
0,1634115210200000000,799.766125,384.9685,879,402
0,1634115210200000000,799.766125,384.9685,879,402
0,1634115210200000000,799.766125,384.9685,879,402
0,1634115210200000000,799.766125,384.9685,879,368
0,1634115210200000000,799.766125,384.9685,879,368
0,1634115210200000000,799.766125,384.9685,879,368
0,1634115210200000000,799.766125,384.9685,879,369
0,1634115210200000000,799.766125,384.9685,880,403
0,1634115210200000000,799.766125,384.9685,136,529
0,1634115210200000000,799.766125,384.9685,882,430
0,1634115210200000000,799.766125,384.9685,882,403
0,1634115210200000000,799.766125,384.9685,138,515
0,1634115210200000000,799.766125,384.9685,882,422
0,1634115210200000000,799.766125,384.9685,882,422
0,1634115210200000000,799.766125,384.9685,881,402
0,1634115210200000000,799.766125,384.9685,881,402
0,1634115210200000000,799.766125,384.9685,137,513
0,1634115210200000000,799.766125,384.9685,881,404
0,1634115210200000000,799.766125,384.9685,882,423
0,1634115210200000000,799.766125,384.9685,881,376
0,1634115210200000000,799.766125,384.9685,881,523
0,1634115210200000000,799.766125,384.9685,881,402
0,1634115210200000000,799.766125,384.9685,882,429
0,1634115210200000000,799.766125,384.9685,882,424
0,1634115210200000000,799.766125,384.9685,882,424
0,1634115210200000000,799.766125,384.9685,882,424
0,1634115210200000000,799.766125,384.9685,881,373
0,1634115210200000000,799.766125,384.9685,883,423
0,1634115210200000000,799.766125,384.9685,883,423
0,1634115210200000000,799.766125,384.9685,883,423
0,1634115210200000000,799.766125,384.9685,882,373
0,1634115210200000000,799.766125,384.9685,137,614
0,1634115210200000000,799.766125,384.9685,883,420
0,1634115210200000000,799.766125,384.9685,883,422
0,1634115210200000000,799.766125,384.9685,137,610
0,1634115210200000000,799.766125,384.9685,885,441
0,1634115210200000000,799.766125,384.9685,886,441
0,1634115210200000000,799.766125,384.9685,885,394
0,1634115210200000000,799.766125,384.9685,888,465
0,1634115210200000000,799.766125,384.9685,887,387
0,1634115210200000000,799.766125,384.9685,888,387
0,1634115210200000000,799.766125,384.9685,888,386
0,1634115210200000000,799.766125,384.9685,889,385
0,1634115210200000000,799.766125,384.9685,890,385
0,1634115210200000000,799.766125,384.9685,890,385
0,1634115210200000000,799.766125,384.9685,889,384
0,1634115210200000000,799.766125,384.9685,889,384
0,1634115210200000000,799.766125,384.9685,889,384
0,1634115210200000000,799.766125,384.9685,890,384
0,1634115210200000000,799.766125,384.9685,890,384
0,1634115210200000000,799.766125,384.9685,890,384
0,1634115210200000000,799.766125,384.9685,371,539
0,1634115210200000000,799.766125,384.9685,371,540
0,1634115210200000000,799.766125,384.9685,889,387
0,1634115210200000000,799.766125,384.9685,888,378
0,1634115210200000000,799.766125,384.9685,888,387
0,1634115210200000000,799.766125,384.9685,144,550
0,1634115210200000000,799.766125,384.9685,887,374
0,1634115210200000000,799.766125,384.9685,887,374
0,1634115210200000000,799.766125,384.9685,142,551
0,1634115210200000000,799.766125,384.9685,142,551
0,1634115210200000000,799.766125,384.9685,886,374
0,1634115210200000000,799.766125,384.9685,886,374
0,1634115210200000000,799.766125,384.9685,887,440
0,1634115210200000000,799.766125,384.9685,887,440
0,1634115210200000000,799.766125,384.9685,886,390
0,1634115210200000000,799.766125,384.9685,886,384
0,1634115210200000000,799.766125,384.9685,886,385
0,1634115210200000000,799.766125,384.9685,886,384
0,1634115210200000000,799.766125,384.9685,888,440
0,1634115210200000000,799.766125,384.9685,888,440
0,1634115210200000000,799.766125,384.9685,888,440
0,1634115210200000000,799.766125,384.9685,887,376
0,1634115210200000000,799.766125,384.9685,889,440
0,1634115210200000000,799.766125,384.9685,888,378
0,1634115210200000000,799.766125,384.9685,888,377
0,1634115210200000000,799.766125,384.9685,888,377
0,1634115210200000000,799.766125,384.9685,888,378
0,1634115210200000000,799.766125,384.9685,888,379
0,1634115210200000000,799.766125,384.9685,888,389
0,1634115210200000000,799.766125,384.9685,888,390
0,1634115210200000000,799.766125,384.9685,888,391
0,1634115210200000000,799.766125,384.9685,888,393
0,1634115210200000000,799.766125,384.9685,888,394
0,1634115210200000000,799.766125,384.9685,888,394
0,1634115210200000000,799.766125,384.9685,888,394
0,1634115210200000000,799.766125,384.9685,888,394
0,1634115210200000000,799.766125,384.9685,889,390
0,1634115210200000000,799.766125,384.9685,890,394
0,1634115210200000000,799.766125,384.9685,889,390
0,1634115210200000000,799.766125,384.9685,889,394
0,1634115210200000000,799.766125,384.9685,144,553
0,1634115210200000000,799.766125,384.9685,143,553
0,1634115210200000000,799.766125,384.9685,143,552
0,1634115210200000000,799.766125,384.9685,142,552
0,1634115210200000000,799.766125,384.9685,143,552
0,1634115210200000000,799.766125,384.9685,143,552
0,1634115210200000000,799.766125,384.9685,143,552
0,1634115210200000000,799.766125,384.9685,143,551
0,1634115210200000000,799.766125,384.9685,143,551
0,1634115210200000000,799.766125,384.9685,143,552
0,1634115210200000000,799.766125,384.9685,144,552
0,1634115210200000000,799.766125,384.9685,144,553
0,1634115210200000000,799.766125,384.9685,889,398
0,1634115210200000000,799.766125,384.9685,889,400
0,1634115210200000000,799.766125,384.9685,889,399
0,1634115210200000000,799.766125,384.9685,889,369
0,1634115210200000000,799.766125,384.9685,889,369
0,1634115210200000000,799.766125,384.9685,889,399
0,1634115210200000000,799.766125,384.9685,889,399
0,1634115210200000000,799.766125,384.9685,889,398
0,1634115210200000000,799.766125,384.9685,890,398
0,1634115210200000000,799.766125,384.9685,889,570
0,1634115210200000000,799.766125,384.9685,890,552
0,1634115210200000000,799.766125,384.9685,839,287
0,1634115210200000000,799.766125,384.9685,567,464
0,1634115210200000000,799.766125,384.9685,567,464
0,1634115210200000000,799.766125,384.9685,571,464
0,1634115210200000000,799.766125,384.9685,891,399
0,1634115210200000000,799.766125,384.9685,891,399
0,1634115210200000000,799.766125,384.9685,890,398
0,1634115210200000000,799.766125,384.9685,889,373
0,1634115210200000000,799.766125,384.9685,889,373
0,1634115210200000000,799.766125,384.9685,889,373
0,1634115210200000000,799.766125,384.9685,889,373
0,1634115210200000000,799.766125,384.9685,889,373
0,1634115210200000000,799.766125,384.9685,889,400
0,1634115210200000000,799.766125,384.9685,889,399
0,1634115210200000000,799.766125,384.9685,889,399
0,1634115210200000000,799.766125,384.9685,890,423
0,1634115210200000000,799.766125,384.9685,889,549
0,1634115210200000000,799.766125,384.9685,895,345
0,1634115210200000000,799.766125,384.9685,895,345
0,1634115210200000000,799.766125,384.9685,895,345
0,1634115210200000000,799.766125,384.9685,895,345
0,1634115210200000000,799.766125,384.9685,895,345
0,1634115210200000000,799.766125,384.9685,895,345
0,1634115210200000000,799.766125,384.9685,695,193
0,1634115210200000000,799.766125,384.9685,695,193
0,1634115210200000000,799.766125,384.9685,576,419
0,1634115210200000000,799.766125,384.9685,576,419
0,1634115210200000000,799.766125,384.9685,577,419
0,1634115210200000000,799.766125,384.9685,537,610
0,1634115210200000000,799.766125,384.9685,537,610
0,1634115210200000000,799.766125,384.9685,537,610
0,1634115210200000000,799.766125,384.9685,611,466
0,1634115210200000000,799.766125,384.9685,891,398
0,1634115210200000000,799.766125,384.9685,891,397
0,1634115210200000000,799.766125,384.9685,100,144
0,1634115210200000000,799.766125,384.9685,101,145
0,1634115210200000000,799.766125,384.9685,101,152
0,1634115210200000000,799.766125,384.9685,890,554
0,1634115210200000000,799.766125,384.9685,890,554
0,1634115210200000000,799.766125,384.9685,890,554
0,1634115210200000000,799.766125,384.9685,889,554
0,1634115210200000000,799.766125,384.9685,895,345
0,1634115210200000000,799.766125,384.9685,895,344
0,1634115210200000000,799.766125,384.9685,889,389
0,1634115210200000000,799.766125,384.9685,889,388
0,1634115210200000000,799.766125,384.9685,889,387
0,1634115210200000000,799.766125,384.9685,889,385
0,1634115210200000000,799.766125,384.9685,889,385
0,1634115210200000000,799.766125,384.9685,889,385
0,1634115210200000000,799.766125,384.9685,176,213
0,1634115210200000000,799.766125,384.9685,810,399
0,1634115210200000000,799.766125,384.9685,809,399
0,1634115210200000000,799.766125,384.9685,809,400
0,1634115210200000000,799.766125,384.9685,809,400
0,1634115210200000000,799.766125,384.9685,279,801
0,1634115210200000000,799.766125,384.9685,279,801
0,1634115210200000000,799.766125,384.9685,809,401
0,1634115210200000000,799.766125,384.9685,891,392
0,1634115210200000000,799.766125,384.9685,891,393
0,1634115210200000000,799.766125,384.9685,890,393
0,1634115210200000000,799.766125,384.9685,889,393
0,1634115210200000000,799.766125,384.9685,889,368
0,1634115210200000000,799.766125,384.9685,888,368
0,1634115210200000000,799.766125,384.9685,888,368
0,1634115210200000000,799.766125,384.9685,887,368
0,1634115210200000000,799.766125,384.9685,887,370
0,1634115210200000000,799.766125,384.9685,887,370
0,1634115210200000000,799.766125,384.9685,887,370
0,1634115210200000000,799.766125,384.9685,887,370
0,1634115210200000000,799.766125,384.9685,889,422
0,1634115210200000000,799.766125,384.9685,888,368
0,1634115210200000000,799.766125,384.9685,888,368
0,1634115210200000000,799.766125,384.9685,887,368
0,1634115210200000000,799.766125,384.9685,888,423
0,1634115210200000000,799.766125,384.9685,143,551
0,1634115210200000000,799.766125,384.9685,143,552
0,1634115210200000000,799.766125,384.9685,143,552
0,1634115210200000000,799.766125,384.9685,889,423
0,1634115210200000000,799.766125,384.9685,888,372
0,1634115210200000000,799.766125,384.9685,889,395
0,1634115210200000000,799.766125,384.9685,889,395
0,1634115210200000000,799.766125,384.9685,888,371
0,1634115210200000000,799.766125,384.9685,888,373
0,1634115210200000000,799.766125,384.9685,889,396
0,1634115210200000000,799.766125,384.9685,889,394
0,1634115210200000000,799.766125,384.9685,888,391
0,1634115210200000000,799.766125,384.9685,889,394
0,1634115210200000000,799.766125,384.9685,897,342
0,1634115210200000000,799.766125,384.9685,349,450
0,1634115210200000000,799.766125,384.9685,349,450
0,1634115210200000000,799.766125,384.9685,897,343
0,1634115210200000000,799.766125,384.9685,897,343
0,1634115210200000000,799.766125,384.9685,349,450
0,1634115210200000000,799.766125,384.9685,349,451
0,1634115210200000000,799.766125,384.9685,350,451
0,1634115210200000000,799.766125,384.9685,350,451
0,1634115210200000000,799.766125,384.9685,351,449
0,1634115210200000000,799.766125,384.9685,915,337
0,1634115210200000000,799.766125,384.9685,915,337
0,1634115210200000000,799.766125,384.9685,915,337
0,1634115210200000000,799.766125,384.9685,915,337
0,1634115210200000000,799.766125,384.9685,891,395
0,1634115210200000000,799.766125,384.9685,891,395
0,1634115210200000000,799.766125,384.9685,891,395
0,1634115210200000000,799.766125,384.9685,891,395
0,1634115210200000000,799.766125,384.9685,891,395
0,1634115210200000000,799.766125,384.9685,891,395
0,1634115210200000000,799.766125,384.9685,891,391
0,1634115210200000000,799.766125,384.9685,891,391
0,1634115210200000000,799.766125,384.9685,893,427
0,1634115210200000000,799.766125,384.9685,901,340
0,1634115210200000000,799.766125,384.9685,901,340
0,1634115210200000000,799.766125,384.9685,1,85
0,1634115210200000000,799.766125,384.9685,1023,580
0,1634115210200000000,799.766125,384.9685,1023,580
0,1634115210200000000,799.766125,384.9685,1023,580
0,1634115210200000000,799.766125,384.9685,1023,580
0,1634115210200000000,799.766125,384.9685,75,522
0,1634115210200000000,799.766125,384.9685,89,573
0,1634115210200000000,799.766125,384.9685,89,569
0,1634115210200000000,799.766125,384.9685,89,569
0,1634115210200000000,799.766125,384.9685,79,487
0,1634115210200000000,799.766125,384.9685,461,428
0,1634115210200000000,799.766125,384.9685,461,428
0,1634115210200000000,799.766125,384.9685,891,391
0,1634115210200000000,799.766125,384.9685,891,391
0,1634115210200000000,799.766125,384.9685,891,391
0,1634115210200000000,799.766125,384.9685,890,390
0,1634115210200000000,799.766125,384.9685,889,390
0,1634115210200000000,799.766125,384.9685,888,390
0,1634115210200000000,799.766125,384.9685,143,552
0,1634115210200000000,799.766125,384.9685,887,369
0,1634115210200000000,799.766125,384.9685,888,420
0,1634115210200000000,799.766125,384.9685,886,369
0,1634115210200000000,799.766125,384.9685,141,551
0,1634115210200000000,799.766125,384.9685,885,370
0,1634115210200000000,799.766125,384.9685,885,401
0,1634115210200000000,799.766125,384.9685,884,371
0,1634115210200000000,799.766125,384.9685,139,530
0,1634115210200000000,799.766125,384.9685,137,555
0,1634115210200000000,799.766125,384.9685,882,425
0,1634115210200000000,799.766125,384.9685,879,375
0,1634115210200000000,799.766125,384.9685,879,423
0,1634115210200000000,799.766125,384.9685,878,422
0,1634115210200000000,799.766125,384.9685,873,595
0,1634115210200000000,799.766125,384.9685,871,601
0,1634115210200000000,799.766125,384.9685,871,367
0,1634115210200000000,799.766125,384.9685,865,601
0,1634115210200000000,799.766125,384.9685,127,411
0,1634115210200000000,799.766125,384.9685,115,505
0,1634115210200000000,799.766125,384.9685,122,356
0,1634115210200000000,799.766125,384.9685,469,850
0,1634115210200000000,799.766125,384.9685,53,11
0,1634115210200000000,799.766125,384.9685,51,14
0,1634115210200000000,799.766125,384.9685,193,343
0,1634115210200000000,799.766125,384.9685,193,351
0,1634115210200000000,799.766125,384.9685,193,349
0,1634115210200000000,799.766125,384.9685,909,355
0,1634115210200000000,799.766125,384.9685,81,463
0,1634115210200000000,799.766125,384.9685,911,354
0,1634115210200000000,799.766125,384.9685,911,354
0,1634115210200000000,799.766125,384.9685,912,354
0,1634115210200000000,799.766125,384.9685,221,531
0,1634115210200000000,799.766125,384.9685,222,529
0,1634115210200000000,799.766125,384.9685,63,707
0,1634115210200000000,799.766125,384.9685,474,532
0,1634115210200000000,799.766125,384.9685,91,199
0,1634115210200000000,799.766125,384.9685,91,197
0,1634115210200000000,799.766125,384.9685,81,207
0,1634115210200000000,799.766125,384.9685,522,76
0,1634115210200000000,799.766125,384.9685,215,529
0,1634115210200000000,799.766125,384.9685,340,614
0,1634115210200000000,799.766125,384.9685,342,613
0,1634115210200000000,799.766125,384.9685,856,401
0,1634115210200000000,799.766125,384.9685,857,480
0,1634115210200000000,799.766125,384.9685,859,433
0,1634115210200000000,799.766125,384.9685,859,472
0,1634115210200000000,799.766125,384.9685,115,561
0,1634115210200000000,799.766125,384.9685,116,572
0,1634115210200000000,799.766125,384.9685,118,552
0,1634115210200000000,799.766125,384.9685,865,425
0,1634115210200000000,799.766125,384.9685,865,472
0,1634115210200000000,799.766125,384.9685,863,592
0,1634115210200000000,799.766125,384.9685,867,398
0,1634115210200000000,799.766125,384.9685,863,598
0,1634115210200000000,799.766125,384.9685,865,451
0,1634115210200000000,799.766125,384.9685,863,451
0,1634115210200000000,799.766125,384.9685,861,454
0,1634115210200000000,799.766125,384.9685,861,452
0,1634115210200000000,799.766125,384.9685,860,452
0,1634115210200000000,799.766125,384.9685,859,455
0,1634115210200000000,799.766125,384.9685,859,460
0,1634115210200000000,799.766125,384.9685,861,466
0,1634115210200000000,799.766125,384.9685,861,578
0,1634115210200000000,799.766125,384.9685,865,466
0,1634115210200000000,799.766125,384.9685,865,467
0,1634115210200000000,799.766125,384.9685,861,581
0,1634115210200000000,799.766125,384.9685,862,512
0,1634115210200000000,799.766125,384.9685,861,403
0,1634115210200000000,799.766125,384.9685,861,403
0,1634115210200000000,799.766125,384.9685,856,633
0,1634115210200000000,799.766125,384.9685,857,633
0,1634115210200000000,799.766125,384.9685,857,635
0,1634115210200000000,799.766125,384.9685,863,409
0,1634115210200000000,799.766125,384.9685,863,409
0,1634115210200000000,799.766125,384.9685,862,519
0,1634115210200000000,799.766125,384.9685,861,518
0,1634115210200000000,799.766125,384.9685,861,518
0,1634115210200000000,799.766125,384.9685,863,472
0,1634115210200000000,799.766125,384.9685,865,529
0,1634115210200000000,799.766125,384.9685,868,537
0,1634115210200000000,799.766125,384.9685,869,584
0,1634115210200000000,799.766125,384.9685,871,586
0,1634115210200000000,799.766125,384.9685,877,475
0,1634115210200000000,799.766125,384.9685,138,443
0,1634115210200000000,799.766125,384.9685,142,432
0,1634115210200000000,799.766125,384.9685,143,435
0,1634115210200000000,799.766125,384.9685,143,440
0,1634115210200000000,799.766125,384.9685,144,439
0,1634115210200000000,799.766125,384.9685,145,439
0,1634115210200000000,799.766125,384.9685,886,491
0,1634115210200000000,799.766125,384.9685,884,580
0,1634115210200000000,799.766125,384.9685,885,583
0,1634115210200000000,799.766125,384.9685,889,517
0,1634115210200000000,799.766125,384.9685,575,142
0,1634115210200000000,799.766125,384.9685,390,131
0,1634115210200000000,799.766125,384.9685,895,251
0,1634115210200000000,799.766125,384.9685,895,251
0,1634115210200000000,799.766125,384.9685,895,253
0,1634115210200000000,799.766125,384.9685,357,125
0,1634115210200000000,799.766125,384.9685,213,68
0,1634115210200000000,799.766125,384.9685,213,68
0,1634115210200000000,799.766125,384.9685,279,185
0,1634115210200000000,799.766125,384.9685,282,184
0,1634115210200000000,799.766125,384.9685,207,161
0,1634115210200000000,799.766125,384.9685,203,78
0,1634115210200000000,799.766125,384.9685,359,127
0,1634115210200000000,799.766125,384.9685,1011,289
0,1634115210200000000,799.766125,384.9685,519,450
0,1634115210200000000,799.766125,384.9685,337,133
0,1634115210200000000,799.766125,384.9685,893,490
0,1634115210200000000,799.766125,384.9685,891,488
0,1634115210200000000,799.766125,384.9685,884,628
0,1634115210200000000,799.766125,384.9685,883,639
0,1634115210200000000,799.766125,384.9685,883,633
0,1634115210200000000,799.766125,384.9685,883,630
0,1634115210200000000,799.766125,384.9685,889,489
0,1634115210200000000,799.766125,384.9685,887,512
0,1634115210200000000,799.766125,384.9685,886,515
0,1634115210200000000,799.766125,384.9685,881,629
0,1634115210200000000,799.766125,384.9685,887,512
0,1634115210200000000,799.766125,384.9685,883,632
0,1634115210200000000,799.766125,384.9685,883,635
0,1634115210200000000,799.766125,384.9685,884,621
0,1634115210200000000,799.766125,384.9685,157,359
0,1634115210200000000,799.766125,384.9685,157,358
0,1634115210200000000,799.766125,384.9685,891,472
0,1634115210200000000,799.766125,384.9685,891,471
0,1634115210200000000,799.766125,384.9685,892,471
0,1634115210200000000,799.766125,384.9685,892,471
0,1634115210200000000,799.766125,384.9685,891,470
0,1634115210200000000,799.766125,384.9685,890,467
0,1634115210200000000,799.766125,384.9685,890,467
0,1634115210200000000,799.766125,384.9685,889,463
0,1634115210200000000,799.766125,384.9685,156,375
0,1634115210200000000,799.766125,384.9685,889,447
0,1634115210200000000,799.766125,384.9685,889,447
0,1634115210200000000,799.766125,384.9685,889,448
0,1634115210200000000,799.766125,384.9685,888,446
0,1634115210200000000,799.766125,384.9685,886,380
0,1634115210200000000,799.766125,384.9685,888,446
0,1634115210200000000,799.766125,384.9685,887,377
0,1634115210200000000,799.766125,384.9685,888,376
0,1634115210200000000,799.766125,384.9685,889,374
0,1634115210200000000,799.766125,384.9685,977,215
0,1634115210200000000,799.766125,384.9685,3,465
0,1634115210200000000,799.766125,384.9685,113,393
0,1634115210200000000,799.766125,384.9685,993,645
0,1634115210200000000,799.766125,384.9685,995,644
0,1634115210200000000,799.766125,384.9685,849,459
0,1634115210200000000,799.766125,384.9685,955,390
0,1634115210200000000,799.766125,384.9685,373,231
0,1634115210200000000,799.766125,384.9685,77,365
0,1634115210200000000,799.766125,384.9685,1001,451
0,1634115210200000000,799.766125,384.9685,1003,338
0,1634115210200000000,799.766125,384.9685,469,768
0,1634115210200000000,799.766125,384.9685,820,759
0,1634115210200000000,799.766125,384.9685,818,758
0,1634115210200000000,799.766125,384.9685,800,742
0,1634115210200000000,799.766125,384.9685,836,859
0,1634115210200000000,799.766125,384.9685,989,513
0,1634115210200000000,799.766125,384.9685,261,816
0,1634115210200000000,799.766125,384.9685,837,419
0,1634115210200000000,799.766125,384.9685,243,453
0,1634115210200000000,799.766125,384.9685,834,858
0,1634115210200000000,799.766125,384.9685,701,803
0,1634115210200000000,799.766125,384.9685,703,806
0,1634115210200000000,799.766125,384.9685,1002,441
0,1634115210200000000,799.766125,384.9685,463,818
0,1634115210200000000,799.766125,384.9685,559,193
0,1634115210200000000,799.766125,384.9685,747,401
0,1634115210200000000,799.766125,384.9685,549,235
0,1634115210200000000,799.766125,384.9685,889,383
0,1634115210200000000,799.766125,384.9685,889,386
0,1634115210200000000,799.766125,384.9685,889,389
0,1634115210200000000,799.766125,384.9685,889,391
0,1634115210200000000,799.766125,384.9685,889,392
0,1634115210200000000,799.766125,384.9685,889,395
0,1634115210200000000,799.766125,384.9685,889,397
0,1634115210200000000,799.766125,384.9685,889,421
0,1634115210200000000,799.766125,384.9685,888,402
0,1634115210200000000,799.766125,384.9685,888,402
0,1634115210200000000,799.766125,384.9685,889,473
0,1634115210200000000,799.766125,384.9685,395,395
0,1634115210200000000,799.766125,384.9685,396,411
0,1634115210200000000,799.766125,384.9685,1053,701
0,1634115210200000000,799.766125,384.9685,1055,699
0,1634115210200000000,799.766125,384.9685,724,802
0,1634115210200000000,799.766125,384.9685,1029,874
0,1634115210200000000,799.766125,384.9685,351,664
0,1634115210200000000,799.766125,384.9685,352,663
0,1634115210200000000,799.766125,384.9685,744,582
0,1634115210200000000,799.766125,384.9685,359,918
0,1634115210200000000,799.766125,384.9685,167,600
0,1634115210200000000,799.766125,384.9685,169,600
0,1634115210200000000,799.766125,384.9685,502,539
0,1634115210200000000,799.766125,384.9685,502,538
0,1634115210200000000,799.766125,384.9685,503,538
0,1634115210200000000,799.766125,384.9685,504,538
0,1634115210200000000,799.766125,384.9685,504,538
0,1634115210200000000,799.766125,384.9685,504,538
0,1634115210200000000,799.766125,384.9685,502,539
0,1634115210200000000,799.766125,384.9685,501,539
0,1634115210200000000,799.766125,384.9685,501,539
0,1634115210200000000,799.766125,384.9685,501,539
0,1634115210200000000,799.766125,384.9685,501,539
0,1634115210200000000,799.766125,384.9685,501,539
0,1634115210200000000,799.766125,384.9685,180,521
0,1634115210200000000,799.766125,384.9685,180,521
0,1634115210200000000,799.766125,384.9685,179,520
0,1634115210200000000,799.766125,384.9685,179,521
0,1634115210200000000,799.766125,384.9685,179,521
0,1634115210200000000,799.766125,384.9685,179,520
0,1634115210200000000,799.766125,384.9685,483,240
0,1634115210200000000,799.766125,384.9685,483,239
0,1634115210200000000,799.766125,384.9685,956,273
0,1634115210200000000,799.766125,384.9685,956,273
0,1634115210200000000,799.766125,384.9685,955,271
0,1634115210200000000,799.766125,384.9685,193,391
0,1634115210200000000,799.766125,384.9685,920,443
0,1634115210200000000,799.766125,384.9685,920,443
0,1634115210200000000,799.766125,384.9685,920,443
0,1634115210200000000,799.766125,384.9685,1018,435
0,1634115210200000000,799.766125,384.9685,1017,435
0,1634115210200000000,799.766125,384.9685,1017,436
0,1634115210200000000,799.766125,384.9685,1017,437
0,1634115210200000000,799.766125,384.9685,1005,439
0,1634115210200000000,799.766125,384.9685,1065,387
0,1634115210200000000,799.766125,384.9685,55,366
0,1634115210200000000,799.766125,384.9685,903,414
0,1634115210200000000,799.766125,384.9685,1037,390
0,1634115210200000000,799.766125,384.9685,350,661
0,1634115210200000000,799.766125,384.9685,136,944
0,1634115210200000000,799.766125,384.9685,136,944
0,1634115210200000000,799.766125,384.9685,474,751
0,1634115210200000000,799.766125,384.9685,474,751
0,1634115210200000000,799.766125,384.9685,906,732
0,1634115210200000000,799.766125,384.9685,1040,873
0,1634115210200000000,799.766125,384.9685,934,877
0,1634115210200000000,799.766125,384.9685,934,879
0,1634115210200000000,799.766125,384.9685,934,880
0,1634115210200000000,799.766125,384.9685,901,323
0,1634115210200000000,799.766125,384.9685,901,323
0,1634115210200000000,799.766125,384.9685,1001,369
0,1634115210200000000,799.766125,384.9685,1001,369
0,1634115210200000000,799.766125,384.9685,1001,369
0,1634115210200000000,799.766125,384.9685,1001,369
0,1634115210200000000,799.766125,384.9685,1001,369
0,1634115210200000000,799.766125,384.9685,999,367
0,1634115210200000000,799.766125,384.9685,999,366
0,1634115210200000000,799.766125,384.9685,998,365
0,1634115210200000000,799.766125,384.9685,998,365
0,1634115210200000000,799.766125,384.9685,998,365
0,1634115210200000000,799.766125,384.9685,999,365
0,1634115210200000000,799.766125,384.9685,355,379
0,1634115210200000000,799.766125,384.9685,551,431
0,1634115210200000000,799.766125,384.9685,551,431
0,1634115210200000000,799.766125,384.9685,551,431
0,1634115210200000000,799.766125,384.9685,551,431
0,1634115210200000000,799.766125,384.9685,551,431
0,1634115210200000000,799.766125,384.9685,551,431
0,1634115210200000000,799.766125,384.9685,551,431
0,1634115210200000000,799.766125,384.9685,551,431
0,1634115210200000000,799.766125,384.9685,551,431
0,1634115210200000000,799.766125,384.9685,625,245
0,1634115210200000000,799.766125,384.9685,627,245
0,1634115210200000000,799.766125,384.9685,627,245
0,1634115210200000000,799.766125,384.9685,235,349
0,1634115210200000000,799.766125,384.9685,235,349
0,1634115210200000000,799.766125,384.9685,235,349
0,1634115210200000000,799.766125,384.9685,235,349
0,1634115210200000000,799.766125,384.9685,235,349
0,1634115210200000000,799.766125,384.9685,235,349
0,1634115210200000000,799.766125,384.9685,235,349
0,1634115210200000000,799.766125,384.9685,235,349
0,1634115210200000000,799.766125,384.9685,235,349
0,1634115210200000000,799.766125,384.9685,235,349
0,1634115210200000000,799.766125,384.9685,235,349
0,1634115210200000000,799.766125,384.9685,235,349
0,1634115210200000000,799.766125,384.9685,967,700
0,1634115210200000000,799.766125,384.9685,237,419
0,1634115210200000000,799.766125,384.9685,961,737
0,1634115210200000000,799.766125,384.9685,961,737
0,1634115210200000000,799.766125,384.9685,961,737
0,1634115210200000000,799.766125,384.9685,961,737
0,1634115210200000000,799.766125,384.9685,23,540
0,1634115210200000000,799.766125,384.9685,23,540
0,1634115210200000000,799.766125,384.9685,1015,347
0,1634115210200000000,799.766125,384.9685,1015,347
0,1634115210200000000,799.766125,384.9685,1015,347
0,1634115210200000000,799.766125,384.9685,1015,347
0,1634115210200000000,799.766125,384.9685,629,242
0,1634115210200000000,799.766125,384.9685,629,242
0,1634115210200000000,799.766125,384.9685,629,242
0,1634115210200000000,799.766125,384.9685,629,243
0,1634115210200000000,799.766125,384.9685,629,243
0,1634115210200000000,799.766125,384.9685,629,243
0,1634115210200000000,799.766125,384.9685,629,243
0,1634115210200000000,799.766125,384.9685,629,243
0,1634115210200000000,799.766125,384.9685,629,243
0,1634115210200000000,799.766125,384.9685,629,242
0,1634115210200000000,799.766125,384.9685,629,241
0,1634115210200000000,799.766125,384.9685,629,242
0,1634115210200000000,799.766125,384.9685,629,235
0,1634115210200000000,799.766125,384.9685,1003,363
0,1634115210200000000,799.766125,384.9685,448,421
0,1634115210200000000,799.766125,384.9685,448,423
0,1634115210200000000,799.766125,384.9685,448,423
0,1634115210200000000,799.766125,384.9685,448,423
0,1634115210200000000,799.766125,384.9685,448,423
0,1634115210200000000,799.766125,384.9685,448,423
0,1634115210200000000,799.766125,384.9685,449,423
0,1634115210200000000,799.766125,384.9685,451,423
0,1634115210200000000,799.766125,384.9685,451,423
0,1634115210200000000,799.766125,384.9685,961,569
0,1634115210200000000,799.766125,384.9685,188,485
0,1634115210200000000,799.766125,384.9685,187,484
0,1634115210200000000,799.766125,384.9685,187,483
0,1634115210200000000,799.766125,384.9685,187,483
0,1634115210200000000,799.766125,384.9685,187,483
0,1634115210200000000,799.766125,384.9685,189,378
0,1634115210200000000,799.766125,384.9685,189,378
0,1634115210200000000,799.766125,384.9685,189,378
0,1634115210200000000,799.766125,384.9685,189,378
0,1634115210200000000,799.766125,384.9685,189,378
0,1634115210200000000,799.766125,384.9685,189,378
0,1634115210200000000,799.766125,384.9685,189,378
0,1634115210200000000,799.766125,384.9685,925,417
0,1634115210200000000,799.766125,384.9685,925,417
0,1634115210200000000,799.766125,384.9685,925,417
0,1634115210200000000,799.766125,384.9685,925,417
0,1634115210200000000,799.766125,384.9685,203,345
0,1634115210200000000,799.766125,384.9685,203,345
0,1634115210200000000,799.766125,384.9685,203,345
0,1634115210200000000,799.766125,384.9685,203,345
0,1634115210200000000,799.766125,384.9685,203,345
0,1634115210200000000,799.766125,384.9685,203,345
0,1634115210200000000,799.766125,384.9685,203,345
0,1634115210200000000,799.766125,384.9685,629,242
0,1634115210200000000,799.766125,384.9685,569,200
0,1634115210200000000,799.766125,384.9685,715,413
0,1634115210200000000,799.766125,384.9685,1029,567
0,1634115210200000000,799.766125,384.9685,119,338
0,1634115210200000000,799.766125,384.9685,119,339
0,1634115210200000000,799.766125,384.9685,119,337
0,1634115210200000000,799.766125,384.9685,119,337
0,1634115210200000000,799.766125,384.9685,119,337
0,1634115210200000000,799.766125,384.9685,213,355
0,1634115210200000000,799.766125,384.9685,213,355
0,1634115210200000000,799.766125,384.9685,213,355
0,1634115210200000000,799.766125,384.9685,213,355
0,1634115210200000000,799.766125,384.9685,329,378
0,1634115210200000000,799.766125,384.9685,329,378
0,1634115210200000000,799.766125,384.9685,329,378
0,1634115210200000000,799.766125,384.9685,329,378
0,1634115210200000000,799.766125,384.9685,329,378
0,1634115210200000000,799.766125,384.9685,329,378
0,1634115210200000000,799.766125,384.9685,329,378
0,1634115210200000000,799.766125,384.9685,329,378
0,1634115210200000000,799.766125,384.9685,329,379
0,1634115210200000000,799.766125,384.9685,329,379
0,1634115210200000000,799.766125,384.9685,329,379
0,1634115210200000000,799.766125,384.9685,713,187
0,1634115210200000000,799.766125,384.9685,1047,340
0,1634115210200000000,799.766125,384.9685,1047,340
0,1634115210200000000,799.766125,384.9685,1047,340
0,1634115210200000000,799.766125,384.9685,1047,340
0,1634115210200000000,799.766125,384.9685,1047,340
0,1634115210200000000,799.766125,384.9685,1047,340
0,1634115210200000000,799.766125,384.9685,727,193
0,1634115210200000000,799.766125,384.9685,933,505
0,1634115210200000000,799.766125,384.9685,933,505
0,1634115210200000000,799.766125,384.9685,933,505
0,1634115210200000000,799.766125,384.9685,933,505
0,1634115210200000000,799.766125,384.9685,933,505
0,1634115210200000000,799.766125,384.9685,937,505
0,1634115210200000000,799.766125,384.9685,937,505
0,1634115210200000000,799.766125,384.9685,937,505
0,1634115210200000000,799.766125,384.9685,937,505
0,1634115210200000000,799.766125,384.9685,937,505
0,1634115210200000000,799.766125,384.9685,937,505
0,1634115210200000000,799.766125,384.9685,937,505
0,1634115210200000000,799.766125,384.9685,543,253
0,1634115210200000000,799.766125,384.9685,937,505
0,1634115210200000000,799.766125,384.9685,937,505
0,1634115210200000000,799.766125,384.9685,937,505
0,1634115210200000000,799.766125,384.9685,937,505
0,1634115210200000000,799.766125,384.9685,11,537
0,1634115210200000000,799.766125,384.9685,11,537
0,1634115210200000000,799.766125,384.9685,11,537
0,1634115210200000000,799.766125,384.9685,11,537
0,1634115210200000000,799.766125,384.9685,11,537
0,1634115210200000000,799.766125,384.9685,11,537
0,1634115210200000000,799.766125,384.9685,11,537
0,1634115210200000000,799.766125,384.9685,11,537
0,1634115210200000000,799.766125,384.9685,11,537
0,1634115210200000000,799.766125,384.9685,11,537
0,1634115210200000000,799.766125,384.9685,601,250
0,1634115210200000000,799.766125,384.9685,601,250
0,1634115210200000000,799.766125,384.9685,999,363
0,1634115210200000000,799.766125,384.9685,999,363
0,1634115210200000000,799.766125,384.9685,999,363
0,1634115210200000000,799.766125,384.9685,999,363
0,1634115210200000000,799.766125,384.9685,999,363
0,1634115210200000000,799.766125,384.9685,999,363
0,1634115210200000000,799.766125,384.9685,999,363
0,1634115210200000000,799.766125,384.9685,999,363
0,1634115210200000000,799.766125,384.9685,453,258
0,1634115210200000000,799.766125,384.9685,453,258
0,1634115210200000000,799.766125,384.9685,453,258
0,1634115210200000000,799.766125,384.9685,453,258
0,1634115210200000000,799.766125,384.9685,399,728
0,1634115210200000000,799.766125,384.9685,399,729
0,1634115210200000000,799.766125,384.9685,463,745
0,1634115210200000000,799.766125,384.9685,461,745
0,1634115210200000000,799.766125,384.9685,462,745
0,1634115210200000000,799.766125,384.9685,462,745
0,1634115210200000000,799.766125,384.9685,462,745
0,1634115210200000000,799.766125,384.9685,462,745
0,1634115210200000000,799.766125,384.9685,462,745
0,1634115210200000000,799.766125,384.9685,462,745
0,1634115210200000000,799.766125,384.9685,462,745
0,1634115210200000000,799.766125,384.9685,462,745
0,1634115210200000000,799.766125,384.9685,57,649
0,1634115210200000000,799.766125,384.9685,963,403
0,1634115210200000000,799.766125,384.9685,963,403
0,1634115210200000000,799.766125,384.9685,89,345
0,1634115210200000000,799.766125,384.9685,89,345
0,1634115210200000000,799.766125,384.9685,89,345
0,1634115210200000000,799.766125,384.9685,89,345
0,1634115210200000000,799.766125,384.9685,89,345
0,1634115210200000000,799.766125,384.9685,962,403
0,1634115210200000000,799.766125,384.9685,964,403
0,1634115210200000000,799.766125,384.9685,964,403
0,1634115210200000000,799.766125,384.9685,964,403
0,1634115210200000000,799.766125,384.9685,629,245
0,1634115210200000000,799.766125,384.9685,631,245
0,1634115210200000000,799.766125,384.9685,631,245
0,1634115210200000000,799.766125,384.9685,631,245
0,1634115210200000000,799.766125,384.9685,631,245
0,1634115210200000000,799.766125,384.9685,355,445
0,1634115210200000000,799.766125,384.9685,355,445
0,1634115210200000000,799.766125,384.9685,355,445
0,1634115210200000000,799.766125,384.9685,245,543
0,1634115210200000000,799.766125,384.9685,457,496
0,1634115210200000000,799.766125,384.9685,457,496
0,1634115210200000000,799.766125,384.9685,457,496
0,1634115210200000000,799.766125,384.9685,241,428
0,1634115210200000000,799.766125,384.9685,451,427
0,1634115210200000000,799.766125,384.9685,1033,345
0,1634115210200000000,799.766125,384.9685,1033,345
0,1634115210200000000,799.766125,384.9685,1033,345
0,1634115210200000000,799.766125,384.9685,1033,345
0,1634115210200000000,799.766125,384.9685,1033,345
0,1634115210200000000,799.766125,384.9685,241,426
0,1634115210200000000,799.766125,384.9685,241,426
0,1634115210200000000,799.766125,384.9685,1033,345
0,1634115210200000000,799.766125,384.9685,1033,345
0,1634115210200000000,799.766125,384.9685,1033,345
0,1634115210200000000,799.766125,384.9685,205,403
0,1634115210200000000,799.766125,384.9685,205,403
0,1634115210200000000,799.766125,384.9685,205,403
0,1634115210200000000,799.766125,384.9685,205,403
0,1634115210200000000,799.766125,384.9685,205,403
0,1634115210200000000,799.766125,384.9685,205,403
0,1634115210200000000,799.766125,384.9685,205,403
0,1634115210200000000,799.766125,384.9685,205,403
0,1634115210200000000,799.766125,384.9685,919,465
0,1634115210200000000,799.766125,384.9685,936,417
0,1634115210200000000,799.766125,384.9685,103,345
0,1634115210200000000,799.766125,384.9685,103,345
0,1634115210200000000,799.766125,384.9685,357,446
0,1634115210200000000,799.766125,384.9685,245,542
0,1634115210200000000,799.766125,384.9685,245,542
0,1634115210200000000,799.766125,384.9685,245,542
0,1634115210200000000,799.766125,384.9685,357,446
0,1634115210200000000,799.766125,384.9685,357,446
0,1634115210200000000,799.766125,384.9685,357,446
0,1634115210200000000,799.766125,384.9685,357,446
0,1634115210200000000,799.766125,384.9685,357,446
0,1634115210200000000,799.766125,384.9685,357,446
0,1634115210200000000,799.766125,384.9685,629,243
0,1634115210200000000,799.766125,384.9685,629,243
0,1634115210200000000,799.766125,384.9685,1021,337
0,1634115210200000000,799.766125,384.9685,1021,337
0,1634115210200000000,799.766125,384.9685,1021,337
0,1634115210200000000,799.766125,384.9685,1021,337
0,1634115210200000000,799.766125,384.9685,1021,337
0,1634115210200000000,799.766125,384.9685,1021,337
0,1634115210200000000,799.766125,384.9685,1021,337
0,1634115210200000000,799.766125,384.9685,1021,337
0,1634115210200000000,799.766125,384.9685,1021,338
0,1634115210200000000,799.766125,384.9685,1021,338
0,1634115210200000000,799.766125,384.9685,1021,338
0,1634115210200000000,799.766125,384.9685,1047,321
0,1634115210200000000,799.766125,384.9685,355,452
0,1634115210200000000,799.766125,384.9685,355,452
0,1634115210200000000,799.766125,384.9685,355,452
0,1634115210200000000,799.766125,384.9685,355,452
0,1634115210200000000,799.766125,384.9685,357,452
0,1634115210200000000,799.766125,384.9685,355,451
0,1634115210200000000,799.766125,384.9685,355,451
0,1634115210200000000,799.766125,384.9685,355,451
0,1634115210200000000,799.766125,384.9685,355,451
0,1634115210200000000,799.766125,384.9685,355,451
0,1634115210200000000,799.766125,384.9685,349,504
0,1634115210200000000,799.766125,384.9685,357,452
0,1634115210200000000,799.766125,384.9685,935,461
0,1634115210200000000,799.766125,384.9685,935,461
0,1634115210200000000,799.766125,384.9685,935,461
0,1634115210200000000,799.766125,384.9685,71,682
0,1634115210200000000,799.766125,384.9685,821,405
0,1634115210200000000,799.766125,384.9685,821,405
0,1634115210200000000,799.766125,384.9685,821,405
0,1634115210200000000,799.766125,384.9685,821,405
0,1634115210200000000,799.766125,384.9685,821,405
0,1634115210200000000,799.766125,384.9685,821,405
0,1634115210200000000,799.766125,384.9685,821,405
0,1634115210200000000,799.766125,384.9685,821,405
0,1634115210200000000,799.766125,384.9685,1021,371
0,1634115210200000000,799.766125,384.9685,551,195
0,1634115210200000000,799.766125,384.9685,1068,395
0,1634115210200000000,799.766125,384.9685,1068,395
0,1634115210200000000,799.766125,384.9685,1068,395
0,1634115210200000000,799.766125,384.9685,1068,395
0,1634115210200000000,799.766125,384.9685,1068,395
0,1634115210200000000,799.766125,384.9685,1068,395
0,1634115210200000000,799.766125,384.9685,93,459
0,1634115210200000000,799.766125,384.9685,93,459
0,1634115210200000000,799.766125,384.9685,93,459
0,1634115210200000000,799.766125,384.9685,91,459
0,1634115210200000000,799.766125,384.9685,71,369
0,1634115210200000000,799.766125,384.9685,71,369
0,1634115210200000000,799.766125,384.9685,71,369
0,1634115210200000000,799.766125,384.9685,259,529
0,1634115210200000000,799.766125,384.9685,259,529
0,1634115210200000000,799.766125,384.9685,467,191
0,1634115210200000000,799.766125,384.9685,467,190
0,1634115210200000000,799.766125,384.9685,483,225
0,1634115210200000000,799.766125,384.9685,1026,361
0,1634115210200000000,799.766125,384.9685,1026,361
0,1634115210200000000,799.766125,384.9685,1026,361
0,1634115210200000000,799.766125,384.9685,1026,361
0,1634115210200000000,799.766125,384.9685,166,539
0,1634115210200000000,799.766125,384.9685,166,539
0,1634115210200000000,799.766125,384.9685,166,539
0,1634115210200000000,799.766125,384.9685,166,539
0,1634115210200000000,799.766125,384.9685,166,539
0,1634115210200000000,799.766125,384.9685,166,539
0,1634115210200000000,799.766125,384.9685,166,539
0,1634115210200000000,799.766125,384.9685,166,539
0,1634115210200000000,799.766125,384.9685,166,539
0,1634115210200000000,799.766125,384.9685,166,539
0,1634115210200000000,799.766125,384.9685,166,539
0,1634115210200000000,799.766125,384.9685,166,539
0,1634115210200000000,799.766125,384.9685,1015,321
0,1634115210200000000,799.766125,384.9685,1015,321
0,1634115210200000000,799.766125,384.9685,1015,321
0,1634115210200000000,799.766125,384.9685,1015,321
0,1634115210200000000,799.766125,384.9685,1015,321
0,1634115210200000000,799.766125,384.9685,1015,321
0,1634115210200000000,799.766125,384.9685,1015,321
0,1634115210200000000,799.766125,384.9685,1015,321
0,1634115210200000000,799.766125,384.9685,1015,321
0,1634115210200000000,799.766125,384.9685,1015,321
0,1634115210200000000,799.766125,384.9685,1015,321
0,1634115210200000000,799.766125,384.9685,1015,321
0,1634115210200000000,799.766125,384.9685,593,78
0,1634115210200000000,799.766125,384.9685,593,78
0,1634115210200000000,799.766125,384.9685,593,78
0,1634115210200000000,799.766125,384.9685,593,79
0,1634115210200000000,799.766125,384.9685,397,230
0,1634115210200000000,799.766125,384.9685,397,230
0,1634115210200000000,799.766125,384.9685,397,230
0,1634115210200000000,799.766125,384.9685,397,230
0,1634115210200000000,799.766125,384.9685,397,230
0,1634115210200000000,799.766125,384.9685,397,230
0,1634115210200000000,799.766125,384.9685,385,197
0,1634115210200000000,799.766125,384.9685,385,197
0,1634115210200000000,799.766125,384.9685,167,537
0,1634115210200000000,799.766125,384.9685,379,363
0,1634115210200000000,799.766125,384.9685,379,363
0,1634115210200000000,799.766125,384.9685,379,363
0,1634115210200000000,799.766125,384.9685,379,363
0,1634115210200000000,799.766125,384.9685,379,363
0,1634115210200000000,799.766125,384.9685,379,363
0,1634115210200000000,799.766125,384.9685,379,363
0,1634115210200000000,799.766125,384.9685,519,423
0,1634115210200000000,799.766125,384.9685,519,423
0,1634115210200000000,799.766125,384.9685,519,423
0,1634115210200000000,799.766125,384.9685,519,423
0,1634115210200000000,799.766125,384.9685,1053,269
0,1634115210200000000,799.766125,384.9685,519,421
0,1634115210200000000,799.766125,384.9685,519,421
0,1634115210200000000,799.766125,384.9685,519,421
0,1634115210200000000,799.766125,384.9685,519,421
0,1634115210200000000,799.766125,384.9685,519,421
0,1634115210200000000,799.766125,384.9685,530,465
0,1634115210200000000,799.766125,384.9685,1053,269
0,1634115210200000000,799.766125,384.9685,1053,269
0,1634115210200000000,799.766125,384.9685,1053,269
0,1634115210200000000,799.766125,384.9685,1053,269
0,1634115210200000000,799.766125,384.9685,1053,269
0,1634115210200000000,799.766125,384.9685,943,423
0,1634115210200000000,799.766125,384.9685,215,351
0,1634115210200000000,799.766125,384.9685,215,351
0,1634115210200000000,799.766125,384.9685,215,351
0,1634115210200000000,799.766125,384.9685,215,351
0,1634115210200000000,799.766125,384.9685,215,351
0,1634115210200000000,799.766125,384.9685,217,351
0,1634115210200000000,799.766125,384.9685,943,423
0,1634115210200000000,799.766125,384.9685,217,351
0,1634115210200000000,799.766125,384.9685,303,659
0,1634115210200000000,799.766125,384.9685,303,659
0,1634115210200000000,799.766125,384.9685,217,351
0,1634115210200000000,799.766125,384.9685,1015,401
0,1634115210200000000,799.766125,384.9685,1015,401
0,1634115210200000000,799.766125,384.9685,1015,401
0,1634115210200000000,799.766125,384.9685,1015,402
0,1634115210200000000,799.766125,384.9685,1015,401
0,1634115210200000000,799.766125,384.9685,1015,401
0,1634115210200000000,799.766125,384.9685,1015,401
0,1634115210200000000,799.766125,384.9685,1015,401
0,1634115210200000000,799.766125,384.9685,1015,401
0,1634115210200000000,799.766125,384.9685,311,232
0,1634115210200000000,799.766125,384.9685,311,232
0,1634115210200000000,799.766125,384.9685,311,232
0,1634115210200000000,799.766125,384.9685,235,349
0,1634115210200000000,799.766125,384.9685,235,349
0,1634115210200000000,799.766125,384.9685,235,349
0,1634115210200000000,799.766125,384.9685,237,349
0,1634115210200000000,799.766125,384.9685,369,293
0,1634115210200000000,799.766125,384.9685,369,293
0,1634115210200000000,799.766125,384.9685,369,293
0,1634115210200000000,799.766125,384.9685,369,293
0,1634115210200000000,799.766125,384.9685,369,293
0,1634115210200000000,799.766125,384.9685,369,293
0,1634115210200000000,799.766125,384.9685,369,293
0,1634115210200000000,799.766125,384.9685,369,293
0,1634115210200000000,799.766125,384.9685,247,369
0,1634115210200000000,799.766125,384.9685,247,369
0,1634115210200000000,799.766125,384.9685,247,369
0,1634115210200000000,799.766125,384.9685,247,369
0,1634115210200000000,799.766125,384.9685,247,369
0,1634115210200000000,799.766125,384.9685,1050,277
0,1634115210200000000,799.766125,384.9685,245,369
0,1634115210200000000,799.766125,384.9685,245,369
0,1634115210200000000,799.766125,384.9685,235,343
0,1634115210200000000,799.766125,384.9685,235,343
0,1634115210200000000,799.766125,384.9685,235,342
0,1634115210200000000,799.766125,384.9685,235,342
0,1634115210200000000,799.766125,384.9685,581,286
0,1634115210200000000,799.766125,384.9685,581,286
0,1634115210200000000,799.766125,384.9685,581,286
0,1634115210200000000,799.766125,384.9685,581,286
0,1634115210200000000,799.766125,384.9685,581,286
0,1634115210200000000,799.766125,384.9685,581,286
0,1634115210200000000,799.766125,384.9685,581,286
0,1634115210200000000,799.766125,384.9685,581,286
0,1634115210200000000,799.766125,384.9685,579,286
0,1634115210200000000,799.766125,384.9685,579,286
0,1634115210200000000,799.766125,384.9685,579,286
0,1634115210200000000,799.766125,384.9685,579,286
0,1634115210200000000,799.766125,384.9685,179,513
0,1634115210200000000,799.766125,384.9685,179,513
0,1634115210200000000,799.766125,384.9685,179,513
0,1634115210200000000,799.766125,384.9685,179,513
0,1634115210200000000,799.766125,384.9685,179,513
0,1634115210200000000,799.766125,384.9685,179,513
0,1634115210200000000,799.766125,384.9685,179,513
0,1634115210200000000,799.766125,384.9685,179,513
0,1634115210200000000,799.766125,384.9685,179,513
0,1634115210200000000,799.766125,384.9685,179,513
0,1634115210200000000,799.766125,384.9685,179,513
0,1634115210200000000,799.766125,384.9685,179,513
0,1634115210200000000,799.766125,384.9685,951,363
0,1634115210200000000,799.766125,384.9685,951,363
0,1634115210200000000,799.766125,384.9685,951,363
0,1634115210200000000,799.766125,384.9685,951,363
0,1634115210200000000,799.766125,384.9685,951,363
0,1634115210200000000,799.766125,384.9685,951,363
0,1634115210200000000,799.766125,384.9685,951,363
0,1634115210200000000,799.766125,384.9685,951,363
0,1634115210200000000,799.766125,384.9685,951,363
0,1634115210200000000,799.766125,384.9685,951,363
0,1634115210200000000,799.766125,384.9685,951,363
0,1634115210200000000,799.766125,384.9685,951,363
0,1634115210200000000,799.766125,384.9685,1061,395
0,1634115210200000000,799.766125,384.9685,1061,395
0,1634115210200000000,799.766125,384.9685,1061,395
0,1634115210200000000,799.766125,384.9685,1049,277
0,1634115210200000000,799.766125,384.9685,1049,277
0,1634115210200000000,799.766125,384.9685,1051,277
0,1634115210200000000,799.766125,384.9685,1051,277
0,1634115210200000000,799.766125,384.9685,1019,371
0,1634115210200000000,799.766125,384.9685,1019,371
0,1634115210200000000,799.766125,384.9685,1019,371
0,1634115210200000000,799.766125,384.9685,1019,371
0,1634115210200000000,799.766125,384.9685,1019,371
0,1634115210200000000,799.766125,384.9685,1065,274
0,1634115210200000000,799.766125,384.9685,1065,274
0,1634115210200000000,799.766125,384.9685,1065,274
0,1634115210200000000,799.766125,384.9685,1065,274
0,1634115210200000000,799.766125,384.9685,1065,275
0,1634115210200000000,799.766125,384.9685,1065,275
0,1634115210200000000,799.766125,384.9685,1065,275
0,1634115210200000000,799.766125,384.9685,1065,275
0,1634115210200000000,799.766125,384.9685,187,513
0,1634115210200000000,799.766125,384.9685,187,513
0,1634115210200000000,799.766125,384.9685,187,513
0,1634115210200000000,799.766125,384.9685,187,513
0,1634115210200000000,799.766125,384.9685,1001,363
0,1634115210200000000,799.766125,384.9685,1001,363
0,1634115210200000000,799.766125,384.9685,1001,363
0,1634115210200000000,799.766125,384.9685,1001,363
0,1634115210200000000,799.766125,384.9685,1001,363
0,1634115210200000000,799.766125,384.9685,1031,317
0,1634115210200000000,799.766125,384.9685,1031,315
0,1634115210200000000,799.766125,384.9685,309,231
0,1634115210200000000,799.766125,384.9685,309,231
0,1634115210200000000,799.766125,384.9685,1037,431
0,1634115210200000000,799.766125,384.9685,1037,431
0,1634115210200000000,799.766125,384.9685,1035,431
0,1634115210200000000,799.766125,384.9685,341,225
0,1634115210200000000,799.766125,384.9685,341,225
0,1634115210200000000,799.766125,384.9685,247,519
0,1634115210200000000,799.766125,384.9685,405,199
0,1634115210200000000,799.766125,384.9685,405,199
0,1634115210200000000,799.766125,384.9685,405,199
0,1634115210200000000,799.766125,384.9685,1021,390
0,1634115210200000000,799.766125,384.9685,1021,390
0,1634115210200000000,799.766125,384.9685,1021,390
0,1634115210200000000,799.766125,384.9685,927,627
0,1634115210200000000,799.766125,384.9685,927,629
0,1634115210200000000,799.766125,384.9685,252,281
0,1634115210200000000,799.766125,384.9685,813,569
0,1634115210200000000,799.766125,384.9685,1064,219
0,1634115210200000000,799.766125,384.9685,457,493
0,1634115210200000000,799.766125,384.9685,457,493
0,1634115210200000000,799.766125,384.9685,457,493
0,1634115210200000000,799.766125,384.9685,457,493
0,1634115210200000000,799.766125,384.9685,457,493
0,1634115210200000000,799.766125,384.9685,1064,219
0,1634115210200000000,799.766125,384.9685,879,679
0,1634115210200000000,799.766125,384.9685,879,679
0,1634115210200000000,799.766125,384.9685,879,679
0,1634115210200000000,799.766125,384.9685,879,679
0,1634115210200000000,799.766125,384.9685,427,415
0,1634115210200000000,799.766125,384.9685,427,415
0,1634115210200000000,799.766125,384.9685,427,415
0,1634115210200000000,799.766125,384.9685,905,438
0,1634115210200000000,799.766125,384.9685,907,438
0,1634115210200000000,799.766125,384.9685,907,438
0,1634115210200000000,799.766125,384.9685,235,529
0,1634115210200000000,799.766125,384.9685,235,529
0,1634115210200000000,799.766125,384.9685,235,530
0,1634115210200000000,799.766125,384.9685,235,530
0,1634115210200000000,799.766125,384.9685,235,530
0,1634115210200000000,799.766125,384.9685,235,530
0,1634115210200000000,799.766125,384.9685,963,403
0,1634115210200000000,799.766125,384.9685,963,403
0,1634115210200000000,799.766125,384.9685,963,403
0,1634115210200000000,799.766125,384.9685,961,403
0,1634115210200000000,799.766125,384.9685,961,403
0,1634115210200000000,799.766125,384.9685,961,403
0,1634115210200000000,799.766125,384.9685,627,242
0,1634115210200000000,799.766125,384.9685,627,241
0,1634115210200000000,799.766125,384.9685,423,225
0,1634115210200000000,799.766125,384.9685,423,225
0,1634115210200000000,799.766125,384.9685,423,225
0,1634115210200000000,799.766125,384.9685,427,225
0,1634115210200000000,799.766125,384.9685,1067,347
0,1634115210200000000,799.766125,384.9685,1067,347
0,1634115210200000000,799.766125,384.9685,1067,347
0,1634115210200000000,799.766125,384.9685,1067,347
0,1634115210200000000,799.766125,384.9685,1067,347
0,1634115210200000000,799.766125,384.9685,1067,347
0,1634115210200000000,799.766125,384.9685,1067,347
0,1634115210200000000,799.766125,384.9685,1067,347
0,1634115210200000000,799.766125,384.9685,1067,347
0,1634115210200000000,799.766125,384.9685,1067,347
0,1634115210200000000,799.766125,384.9685,1067,347
0,1634115210200000000,799.766125,384.9685,1067,347
0,1634115210200000000,799.766125,384.9685,237,531
0,1634115210200000000,799.766125,384.9685,237,531
0,1634115210200000000,799.766125,384.9685,237,531
0,1634115210200000000,799.766125,384.9685,237,531
0,1634115210200000000,799.766125,384.9685,237,531
0,1634115210200000000,799.766125,384.9685,1057,276
0,1634115210200000000,799.766125,384.9685,1057,276
0,1634115210200000000,799.766125,384.9685,1057,276
0,1634115210200000000,799.766125,384.9685,1057,276
0,1634115210200000000,799.766125,384.9685,1056,276
0,1634115210200000000,799.766125,384.9685,1055,277
0,1634115210200000000,799.766125,384.9685,1055,277
0,1634115210200000000,799.766125,384.9685,1015,544
0,1634115210200000000,799.766125,384.9685,1015,544
0,1634115210200000000,799.766125,384.9685,1015,544
0,1634115210200000000,799.766125,384.9685,1015,544
0,1634115210200000000,799.766125,384.9685,1015,544
0,1634115210200000000,799.766125,384.9685,1015,544
0,1634115210200000000,799.766125,384.9685,1015,544
0,1634115210200000000,799.766125,384.9685,189,513
0,1634115210200000000,799.766125,384.9685,189,513
0,1634115210200000000,799.766125,384.9685,189,513
0,1634115210200000000,799.766125,384.9685,189,513
0,1634115210200000000,799.766125,384.9685,189,513
0,1634115210200000000,799.766125,384.9685,47,627
0,1634115210200000000,799.766125,384.9685,47,627
0,1634115210200000000,799.766125,384.9685,829,393
0,1634115210200000000,799.766125,384.9685,829,393
0,1634115210200000000,799.766125,384.9685,829,393
0,1634115210200000000,799.766125,384.9685,829,393
0,1634115210200000000,799.766125,384.9685,829,393
0,1634115210200000000,799.766125,384.9685,829,393
0,1634115210200000000,799.766125,384.9685,943,365
0,1634115210200000000,799.766125,384.9685,943,365
0,1634115210200000000,799.766125,384.9685,1056,781
0,1634115210200000000,799.766125,384.9685,1056,781
0,1634115210200000000,799.766125,384.9685,65,657
0,1634115210200000000,799.766125,384.9685,65,657
0,1634115210200000000,799.766125,384.9685,65,657
0,1634115210200000000,799.766125,384.9685,65,657
0,1634115210200000000,799.766125,384.9685,187,509
0,1634115210200000000,799.766125,384.9685,187,509
0,1634115210200000000,799.766125,384.9685,187,509
0,1634115210200000000,799.766125,384.9685,187,509
0,1634115210200000000,799.766125,384.9685,981,405
0,1634115210200000000,799.766125,384.9685,981,405
0,1634115210200000000,799.766125,384.9685,287,231
0,1634115210200000000,799.766125,384.9685,287,229
0,1634115210200000000,799.766125,384.9685,271,601
0,1634115210200000000,799.766125,384.9685,271,601
0,1634115210200000000,799.766125,384.9685,271,601
0,1634115210200000000,799.766125,384.9685,903,425
0,1634115210200000000,799.766125,384.9685,293,235
0,1634115210200000000,799.766125,384.9685,293,235
0,1634115210200000000,799.766125,384.9685,270,601
0,1634115210200000000,799.766125,384.9685,270,601
0,1634115210200000000,799.766125,384.9685,270,601
0,1634115210200000000,799.766125,384.9685,270,601
0,1634115210200000000,799.766125,384.9685,270,601
0,1634115210200000000,799.766125,384.9685,269,603
0,1634115210200000000,799.766125,384.9685,204,347
0,1634115210200000000,799.766125,384.9685,204,347
0,1634115210200000000,799.766125,384.9685,204,347
0,1634115210200000000,799.766125,384.9685,204,347
0,1634115210200000000,799.766125,384.9685,983,380
0,1634115210200000000,799.766125,384.9685,985,381
0,1634115210200000000,799.766125,384.9685,985,381
0,1634115210200000000,799.766125,384.9685,981,381
0,1634115210200000000,799.766125,384.9685,981,381
0,1634115210200000000,799.766125,384.9685,981,381
0,1634115210200000000,799.766125,384.9685,981,381
0,1634115210200000000,799.766125,384.9685,1035,343
0,1634115210200000000,799.766125,384.9685,1031,353
0,1634115210200000000,799.766125,384.9685,1031,353
0,1634115210200000000,799.766125,384.9685,1031,353
0,1634115210200000000,799.766125,384.9685,1031,353
0,1634115210200000000,799.766125,384.9685,1031,353
0,1634115210200000000,799.766125,384.9685,1031,353
0,1634115210200000000,799.766125,384.9685,1029,321
0,1634115210200000000,799.766125,384.9685,1029,321
0,1634115210200000000,799.766125,384.9685,1031,353
0,1634115210200000000,799.766125,384.9685,1031,353
0,1634115210200000000,799.766125,384.9685,1031,353
0,1634115210200000000,799.766125,384.9685,1029,321
0,1634115210200000000,799.766125,384.9685,1031,347
0,1634115210200000000,799.766125,384.9685,1031,347
0,1634115210200000000,799.766125,384.9685,1068,348
0,1634115210200000000,799.766125,384.9685,1068,348
0,1634115210200000000,799.766125,384.9685,1068,348
0,1634115210200000000,799.766125,384.9685,1068,348
0,1634115210200000000,799.766125,384.9685,1068,348
0,1634115210200000000,799.766125,384.9685,1068,348
0,1634115210200000000,799.766125,384.9685,1067,348
0,1634115210200000000,799.766125,384.9685,1067,348
0,1634115210200000000,799.766125,384.9685,1067,348
0,1634115210200000000,799.766125,384.9685,1067,348
0,1634115210200000000,799.766125,384.9685,999,363
0,1634115210200000000,799.766125,384.9685,999,363
0,1634115210200000000,799.766125,384.9685,1031,323
0,1634115210200000000,799.766125,384.9685,1029,321
0,1634115210200000000,799.766125,384.9685,1029,321
0,1634115210200000000,799.766125,384.9685,1037,433
0,1634115210200000000,799.766125,384.9685,1037,434
0,1634115210200000000,799.766125,384.9685,1009,349
0,1634115210200000000,799.766125,384.9685,53,643
0,1634115210200000000,799.766125,384.9685,53,643
0,1634115210200000000,799.766125,384.9685,53,643
0,1634115210200000000,799.766125,384.9685,53,643
0,1634115210200000000,799.766125,384.9685,879,679
0,1634115210200000000,799.766125,384.9685,878,678
0,1634115210200000000,799.766125,384.9685,878,678
0,1634115210200000000,799.766125,384.9685,963,387
0,1634115210200000000,799.766125,384.9685,1003,350
0,1634115210200000000,799.766125,384.9685,1003,350
0,1634115210200000000,799.766125,384.9685,1003,350
0,1634115210200000000,799.766125,384.9685,1003,350
0,1634115210200000000,799.766125,384.9685,1002,350
0,1634115210200000000,799.766125,384.9685,1002,350
0,1634115210200000000,799.766125,384.9685,1002,350
0,1634115210200000000,799.766125,384.9685,1002,350
0,1634115210200000000,799.766125,384.9685,183,513
0,1634115210200000000,799.766125,384.9685,61,657
0,1634115210200000000,799.766125,384.9685,61,657
0,1634115210200000000,799.766125,384.9685,1013,362
0,1634115210200000000,799.766125,384.9685,1013,362
0,1634115210200000000,799.766125,384.9685,1013,362
0,1634115210200000000,799.766125,384.9685,1011,333
0,1634115210200000000,799.766125,384.9685,876,678
0,1634115210200000000,799.766125,384.9685,876,678
0,1634115210200000000,799.766125,384.9685,876,678
0,1634115210200000000,799.766125,384.9685,876,678
0,1634115210200000000,799.766125,384.9685,876,678
0,1634115210200000000,799.766125,384.9685,527,422
0,1634115210200000000,799.766125,384.9685,550,427
0,1634115210200000000,799.766125,384.9685,550,427
0,1634115210200000000,799.766125,384.9685,550,427
0,1634115210200000000,799.766125,384.9685,549,427
0,1634115210200000000,799.766125,384.9685,549,427
0,1634115210200000000,799.766125,384.9685,550,427
0,1634115210200000000,799.766125,384.9685,550,426
0,1634115210200000000,799.766125,384.9685,550,426
0,1634115210200000000,799.766125,384.9685,550,426
0,1634115210200000000,799.766125,384.9685,1023,321
0,1634115210200000000,799.766125,384.9685,1023,321
0,1634115210200000000,799.766125,384.9685,1065,355
0,1634115210200000000,799.766125,384.9685,1065,355
0,1634115210200000000,799.766125,384.9685,1065,355
0,1634115210200000000,799.766125,384.9685,1065,355
0,1634115210200000000,799.766125,384.9685,1065,355
0,1634115210200000000,799.766125,384.9685,621,247
0,1634115210200000000,799.766125,384.9685,621,247
0,1634115210200000000,799.766125,384.9685,621,247
0,1634115210200000000,799.766125,384.9685,621,247
0,1634115210200000000,799.766125,384.9685,1064,355
0,1634115210200000000,799.766125,384.9685,1065,354
0,1634115210200000000,799.766125,384.9685,1065,354
0,1634115210200000000,799.766125,384.9685,1003,351
0,1634115210200000000,799.766125,384.9685,1003,351
0,1634115210200000000,799.766125,384.9685,1003,351
0,1634115210200000000,799.766125,384.9685,1003,351
0,1634115210200000000,799.766125,384.9685,1003,351
0,1634115210200000000,799.766125,384.9685,1003,351
0,1634115210200000000,799.766125,384.9685,1003,351
0,1634115210200000000,799.766125,384.9685,1003,351
0,1634115210200000000,799.766125,384.9685,243,202
0,1634115210200000000,799.766125,384.9685,243,202
0,1634115210200000000,799.766125,384.9685,243,202
0,1634115210200000000,799.766125,384.9685,243,202
0,1634115210200000000,799.766125,384.9685,405,347
0,1634115210200000000,799.766125,384.9685,405,347
0,1634115210200000000,799.766125,384.9685,405,347
0,1634115210200000000,799.766125,384.9685,405,347
0,1634115210200000000,799.766125,384.9685,405,347
0,1634115210200000000,799.766125,384.9685,1029,339
0,1634115210200000000,799.766125,384.9685,1029,339
0,1634115210200000000,799.766125,384.9685,1029,339
0,1634115210200000000,799.766125,384.9685,1029,339
0,1634115210200000000,799.766125,384.9685,1029,339
0,1634115210200000000,799.766125,384.9685,1029,339
0,1634115210200000000,799.766125,384.9685,1029,339
0,1634115210200000000,799.766125,384.9685,1015,363
0,1634115210200000000,799.766125,384.9685,1015,363
0,1634115210200000000,799.766125,384.9685,1017,363
0,1634115210200000000,799.766125,384.9685,1017,363
0,1634115210200000000,799.766125,384.9685,1017,363
0,1634115210200000000,799.766125,384.9685,1017,363
0,1634115210200000000,799.766125,384.9685,1015,361
0,1634115210200000000,799.766125,384.9685,1013,361
0,1634115210200000000,799.766125,384.9685,1011,361
0,1634115210200000000,799.766125,384.9685,1011,361
0,1634115210200000000,799.766125,384.9685,1009,361
0,1634115210200000000,799.766125,384.9685,1009,361
0,1634115210200000000,799.766125,384.9685,903,433
0,1634115210200000000,799.766125,384.9685,903,433
0,1634115210200000000,799.766125,384.9685,903,433
0,1634115210200000000,799.766125,384.9685,903,433
0,1634115210200000000,799.766125,384.9685,1027,345
0,1634115210200000000,799.766125,384.9685,1027,345
0,1634115210200000000,799.766125,384.9685,1027,345
0,1634115210200000000,799.766125,384.9685,1027,345
0,1634115210200000000,799.766125,384.9685,1027,345
0,1634115210200000000,799.766125,384.9685,1027,345
0,1634115210200000000,799.766125,384.9685,1027,345
0,1634115210200000000,799.766125,384.9685,1027,345
0,1634115210200000000,799.766125,384.9685,1035,361
0,1634115210200000000,799.766125,384.9685,1035,361
0,1634115210200000000,799.766125,384.9685,1035,361
0,1634115210200000000,799.766125,384.9685,1035,361
0,1634115210200000000,799.766125,384.9685,1043,367
0,1634115210200000000,799.766125,384.9685,1043,367
0,1634115210200000000,799.766125,384.9685,545,429
0,1634115210200000000,799.766125,384.9685,545,429
0,1634115210200000000,799.766125,384.9685,545,429
0,1634115210200000000,799.766125,384.9685,545,429
0,1634115210200000000,799.766125,384.9685,545,429
0,1634115210200000000,799.766125,384.9685,545,429
0,1634115210200000000,799.766125,384.9685,530,465
0,1634115210200000000,799.766125,384.9685,530,465
0,1634115210200000000,799.766125,384.9685,530,465
0,1634115210200000000,799.766125,384.9685,530,465
0,1634115210200000000,799.766125,384.9685,530,465
0,1634115210200000000,799.766125,384.9685,530,465
0,1634115210200000000,799.766125,384.9685,523,419
0,1634115210200000000,799.766125,384.9685,523,419
0,1634115210200000000,799.766125,384.9685,400,660
0,1634115210200000000,799.766125,384.9685,79,643
0,1634115210200000000,799.766125,384.9685,79,643
0,1634115210200000000,799.766125,384.9685,77,642
0,1634115210200000000,799.766125,384.9685,1031,337
0,1634115210200000000,799.766125,384.9685,1031,337
0,1634115210200000000,799.766125,384.9685,1031,337
0,1634115210200000000,799.766125,384.9685,1031,337
0,1634115210200000000,799.766125,384.9685,1031,337
0,1634115210200000000,799.766125,384.9685,1031,337
0,1634115210200000000,799.766125,384.9685,1031,337
0,1634115210200000000,799.766125,384.9685,363,193
0,1634115210200000000,799.766125,384.9685,363,193
0,1634115210200000000,799.766125,384.9685,363,193
0,1634115210200000000,799.766125,384.9685,363,193
0,1634115210200000000,799.766125,384.9685,363,193
0,1634115210200000000,799.766125,384.9685,399,265
0,1634115210200000000,799.766125,384.9685,399,265
0,1634115210200000000,799.766125,384.9685,399,265
0,1634115210200000000,799.766125,384.9685,399,265
0,1634115210200000000,799.766125,384.9685,399,265
0,1634115210200000000,799.766125,384.9685,57,627
0,1634115210200000000,799.766125,384.9685,201,371
0,1634115210200000000,799.766125,384.9685,201,371
0,1634115210200000000,799.766125,384.9685,201,371
0,1634115210200000000,799.766125,384.9685,201,371
0,1634115210200000000,799.766125,384.9685,201,371
0,1634115210200000000,799.766125,384.9685,201,371
0,1634115210200000000,799.766125,384.9685,401,656
0,1634115210200000000,799.766125,384.9685,401,656
0,1634115210200000000,799.766125,384.9685,401,656
0,1634115210200000000,799.766125,384.9685,401,656
0,1634115210200000000,799.766125,384.9685,401,656
0,1634115210200000000,799.766125,384.9685,401,656
0,1634115210200000000,799.766125,384.9685,401,656
0,1634115210200000000,799.766125,384.9685,401,656
0,1634115210200000000,799.766125,384.9685,401,656
0,1634115210200000000,799.766125,384.9685,401,656
0,1634115210200000000,799.766125,384.9685,401,656
0,1634115210200000000,799.766125,384.9685,401,656
0,1634115210200000000,799.766125,384.9685,369,371
0,1634115210200000000,799.766125,384.9685,369,371
0,1634115210200000000,799.766125,384.9685,369,371
0,1634115210200000000,799.766125,384.9685,369,371
0,1634115210200000000,799.766125,384.9685,369,371
0,1634115210200000000,799.766125,384.9685,369,371
0,1634115210200000000,799.766125,384.9685,369,371
0,1634115210200000000,799.766125,384.9685,243,209
0,1634115210200000000,799.766125,384.9685,243,209
0,1634115210200000000,799.766125,384.9685,243,209
0,1634115210200000000,799.766125,384.9685,243,209
0,1634115210200000000,799.766125,384.9685,243,208
0,1634115210200000000,799.766125,384.9685,255,601
0,1634115210200000000,799.766125,384.9685,255,601
0,1634115210200000000,799.766125,384.9685,255,601
0,1634115210200000000,799.766125,384.9685,255,601
0,1634115210200000000,799.766125,384.9685,255,601
0,1634115210200000000,799.766125,384.9685,255,601
0,1634115210200000000,799.766125,384.9685,255,601
0,1634115210200000000,799.766125,384.9685,255,602
0,1634115210200000000,799.766125,384.9685,332,433
0,1634115210200000000,799.766125,384.9685,332,433
0,1634115210200000000,799.766125,384.9685,332,433
0,1634115210200000000,799.766125,384.9685,332,433
0,1634115210200000000,799.766125,384.9685,1043,275
0,1634115210200000000,799.766125,384.9685,1043,275
0,1634115210200000000,799.766125,384.9685,943,355
0,1634115210200000000,799.766125,384.9685,941,355
0,1634115210200000000,799.766125,384.9685,941,355
0,1634115210200000000,799.766125,384.9685,732,794
0,1634115210200000000,799.766125,384.9685,732,794
0,1634115210200000000,799.766125,384.9685,732,793
0,1634115210200000000,799.766125,384.9685,732,793
0,1634115210200000000,799.766125,384.9685,631,749
0,1634115210200000000,799.766125,384.9685,630,748
0,1634115210200000000,799.766125,384.9685,737,789
0,1634115210200000000,799.766125,384.9685,579,462
0,1634115210200000000,799.766125,384.9685,579,462
0,1634115210200000000,799.766125,384.9685,65,641
0,1634115210200000000,799.766125,384.9685,551,373
0,1634115210200000000,799.766125,384.9685,915,335
0,1634115210200000000,799.766125,384.9685,913,335
0,1634115210200000000,799.766125,384.9685,913,335
0,1634115210200000000,799.766125,384.9685,913,335
0,1634115210200000000,799.766125,384.9685,913,335
0,1634115210200000000,799.766125,384.9685,913,335
0,1634115210200000000,799.766125,384.9685,913,335
0,1634115210200000000,799.766125,384.9685,913,335
0,1634115210200000000,799.766125,384.9685,182,519
0,1634115210200000000,799.766125,384.9685,182,519
0,1634115210200000000,799.766125,384.9685,181,519
0,1634115210200000000,799.766125,384.9685,181,519
0,1634115210200000000,799.766125,384.9685,1031,347
0,1634115210200000000,799.766125,384.9685,1029,345
0,1634115210200000000,799.766125,384.9685,839,463
0,1634115210200000000,799.766125,384.9685,1029,335
0,1634115210200000000,799.766125,384.9685,1029,333
0,1634115210200000000,799.766125,384.9685,737,795
0,1634115210200000000,799.766125,384.9685,11,966
0,1634115210200000000,799.766125,384.9685,951,357
0,1634115210200000000,799.766125,384.9685,1025,333
0,1634115210200000000,799.766125,384.9685,1025,333
0,1634115210200000000,799.766125,384.9685,1025,333
0,1634115210200000000,799.766125,384.9685,971,351
0,1634115210200000000,799.766125,384.9685,972,351
0,1634115210200000000,799.766125,384.9685,972,351
0,1634115210200000000,799.766125,384.9685,971,351
0,1634115210200000000,799.766125,384.9685,973,351
0,1634115210200000000,799.766125,384.9685,973,349
0,1634115210200000000,799.766125,384.9685,973,348
0,1634115210200000000,799.766125,384.9685,965,345
0,1634115210200000000,799.766125,384.9685,965,345
0,1634115210200000000,799.766125,384.9685,461,346
0,1634115210200000000,799.766125,384.9685,460,347
0,1634115210200000000,799.766125,384.9685,461,345
0,1634115210200000000,799.766125,384.9685,461,345
0,1634115210200000000,799.766125,384.9685,461,345
0,1634115210200000000,799.766125,384.9685,461,345
0,1634115210200000000,799.766125,384.9685,461,345
0,1634115210200000000,799.766125,384.9685,458,345
0,1634115210200000000,799.766125,384.9685,81,702
0,1634115210200000000,799.766125,384.9685,962,786
0,1634115210200000000,799.766125,384.9685,962,785
0,1634115210200000000,799.766125,384.9685,959,785
0,1634115210200000000,799.766125,384.9685,968,347
0,1634115210200000000,799.766125,384.9685,968,347
0,1634115210200000000,799.766125,384.9685,969,347
0,1634115210200000000,799.766125,384.9685,968,347
0,1634115210200000000,799.766125,384.9685,965,347
0,1634115210200000000,799.766125,384.9685,966,347
0,1634115210200000000,799.766125,384.9685,965,347
0,1634115210200000000,799.766125,384.9685,970,347
0,1634115210200000000,799.766125,384.9685,967,342
0,1634115210200000000,799.766125,384.9685,967,342
0,1634115210200000000,799.766125,384.9685,967,342
0,1634115210200000000,799.766125,384.9685,963,341
0,1634115210200000000,799.766125,384.9685,966,341
0,1634115210200000000,799.766125,384.9685,967,341
0,1634115210200000000,799.766125,384.9685,967,342
0,1634115210200000000,799.766125,384.9685,967,342
0,1634115210200000000,799.766125,384.9685,967,342
0,1634115210200000000,799.766125,384.9685,967,342
0,1634115210200000000,799.766125,384.9685,967,342
0,1634115210200000000,799.766125,384.9685,962,785
0,1634115210200000000,799.766125,384.9685,962,785
0,1634115210200000000,799.766125,384.9685,962,785
0,1634115210200000000,799.766125,384.9685,962,785
0,1634115210200000000,799.766125,384.9685,963,785
0,1634115210200000000,799.766125,384.9685,687,182
0,1634115210200000000,799.766125,384.9685,687,182
0,1634115210200000000,799.766125,384.9685,687,182
0,1634115210200000000,799.766125,384.9685,687,182
0,1634115210200000000,799.766125,384.9685,686,182
0,1634115210200000000,799.766125,384.9685,953,455
0,1634115210200000000,799.766125,384.9685,953,455
0,1634115210200000000,799.766125,384.9685,953,455
0,1634115210200000000,799.766125,384.9685,953,455
0,1634115210200000000,799.766125,384.9685,953,455
0,1634115210200000000,799.766125,384.9685,953,455
0,1634115210200000000,799.766125,384.9685,953,455
0,1634115210200000000,799.766125,384.9685,947,449
0,1634115210200000000,799.766125,384.9685,947,449
0,1634115210200000000,799.766125,384.9685,919,453
0,1634115210200000000,799.766125,384.9685,919,451
0,1634115210200000000,799.766125,384.9685,981,348
0,1634115210200000000,799.766125,384.9685,982,349
0,1634115210200000000,799.766125,384.9685,989,262
0,1634115210200000000,799.766125,384.9685,989,262
0,1634115210200000000,799.766125,384.9685,981,349
0,1634115210200000000,799.766125,384.9685,979,347
0,1634115210200000000,799.766125,384.9685,977,347
0,1634115210200000000,799.766125,384.9685,977,347
0,1634115210200000000,799.766125,384.9685,965,347
0,1634115210200000000,799.766125,384.9685,965,347
0,1634115210200000000,799.766125,384.9685,1007,791
0,1634115210200000000,799.766125,384.9685,962,342
0,1634115210200000000,799.766125,384.9685,472,585
0,1634115210200000000,799.766125,384.9685,504,544
0,1634115210200000000,799.766125,384.9685,964,340
0,1634115210200000000,799.766125,384.9685,504,543
0,1634115210200000000,799.766125,384.9685,1047,657
0,1634115210200000000,799.766125,384.9685,318,372
0,1634115210200000000,799.766125,384.9685,318,372
0,1634115210200000000,799.766125,384.9685,318,372
0,1634115210200000000,799.766125,384.9685,897,387
0,1634115210200000000,799.766125,384.9685,897,387
0,1634115210200000000,799.766125,384.9685,897,387
0,1634115210200000000,799.766125,384.9685,897,387
0,1634115210200000000,799.766125,384.9685,856,331
0,1634115210200000000,799.766125,384.9685,860,332
0,1634115210200000000,799.766125,384.9685,860,331
0,1634115210200000000,799.766125,384.9685,857,331
0,1634115210200000000,799.766125,384.9685,857,331
0,1634115210200000000,799.766125,384.9685,857,331
0,1634115210200000000,799.766125,384.9685,857,331
0,1634115210200000000,799.766125,384.9685,857,331
0,1634115210200000000,799.766125,384.9685,907,385
0,1634115210200000000,799.766125,384.9685,907,385
0,1634115210200000000,799.766125,384.9685,907,385
0,1634115210200000000,799.766125,384.9685,907,385
0,1634115210200000000,799.766125,384.9685,907,385
0,1634115210200000000,799.766125,384.9685,907,385
0,1634115210200000000,799.766125,384.9685,907,385
0,1634115210200000000,799.766125,384.9685,907,385
0,1634115210200000000,799.766125,384.9685,907,385
0,1634115210200000000,799.766125,384.9685,907,384
0,1634115210200000000,799.766125,384.9685,907,384
0,1634115210200000000,799.766125,384.9685,907,384
0,1634115210200000000,799.766125,384.9685,607,813
0,1634115210200000000,799.766125,384.9685,607,813
0,1634115210200000000,799.766125,384.9685,607,813
0,1634115210200000000,799.766125,384.9685,553,811
0,1634115210200000000,799.766125,384.9685,957,442
0,1634115210200000000,799.766125,384.9685,553,811
0,1634115210200000000,799.766125,384.9685,858,329
0,1634115210200000000,799.766125,384.9685,547,809
0,1634115210200000000,799.766125,384.9685,547,809
0,1634115210200000000,799.766125,384.9685,547,809
0,1634115210200000000,799.766125,384.9685,547,809
0,1634115210200000000,799.766125,384.9685,547,809
0,1634115210200000000,799.766125,384.9685,365,758
0,1634115210200000000,799.766125,384.9685,365,758
0,1634115210200000000,799.766125,384.9685,365,758
0,1634115210200000000,799.766125,384.9685,365,758
0,1634115210200000000,799.766125,384.9685,365,758
0,1634115210200000000,799.766125,384.9685,319,762
0,1634115210200000000,799.766125,384.9685,319,762
0,1634115210200000000,799.766125,384.9685,319,762
0,1634115210200000000,799.766125,384.9685,319,762
0,1634115210200000000,799.766125,384.9685,319,762
0,1634115210200000000,799.766125,384.9685,919,439
0,1634115210200000000,799.766125,384.9685,919,439
0,1634115210200000000,799.766125,384.9685,797,768
0,1634115210200000000,799.766125,384.9685,797,768
0,1634115210200000000,799.766125,384.9685,797,768
0,1634115210200000000,799.766125,384.9685,798,767
0,1634115210200000000,799.766125,384.9685,546,812
0,1634115210200000000,799.766125,384.9685,798,768
0,1634115210200000000,799.766125,384.9685,798,768
0,1634115210200000000,799.766125,384.9685,798,768
0,1634115210200000000,799.766125,384.9685,1013,441
0,1634115210200000000,799.766125,384.9685,1013,441
0,1634115210200000000,799.766125,384.9685,1013,441
0,1634115210200000000,799.766125,384.9685,1013,441
0,1634115210200000000,799.766125,384.9685,469,812
0,1634115210200000000,799.766125,384.9685,462,812
0,1634115210200000000,799.766125,384.9685,462,812
0,1634115210200000000,799.766125,384.9685,462,812
0,1634115210200000000,799.766125,384.9685,462,812
0,1634115210200000000,799.766125,384.9685,462,812
0,1634115210200000000,799.766125,384.9685,462,812
0,1634115210200000000,799.766125,384.9685,462,812
0,1634115210200000000,799.766125,384.9685,462,812
0,1634115210200000000,799.766125,384.9685,461,812
0,1634115210200000000,799.766125,384.9685,463,815
0,1634115210200000000,799.766125,384.9685,464,815
0,1634115210200000000,799.766125,384.9685,851,453
0,1634115210200000000,799.766125,384.9685,851,453
0,1634115210200000000,799.766125,384.9685,851,453
0,1634115210200000000,799.766125,384.9685,1055,433
0,1634115210200000000,799.766125,384.9685,1055,433
0,1634115210200000000,799.766125,384.9685,857,330
0,1634115210200000000,799.766125,384.9685,857,330
0,1634115210200000000,799.766125,384.9685,858,330
0,1634115210200000000,799.766125,384.9685,855,330
0,1634115210200000000,799.766125,384.9685,857,330
0,1634115210200000000,799.766125,384.9685,857,330
0,1634115210200000000,799.766125,384.9685,857,330
0,1634115210200000000,799.766125,384.9685,472,819
0,1634115210200000000,799.766125,384.9685,332,763
0,1634115210200000000,799.766125,384.9685,472,819
0,1634115210200000000,799.766125,384.9685,472,819
0,1634115210200000000,799.766125,384.9685,472,819
0,1634115210200000000,799.766125,384.9685,472,819
0,1634115210200000000,799.766125,384.9685,867,741
0,1634115210200000000,799.766125,384.9685,868,742
0,1634115210200000000,799.766125,384.9685,465,815
0,1634115210200000000,799.766125,384.9685,465,815
0,1634115210200000000,799.766125,384.9685,463,817
0,1634115210200000000,799.766125,384.9685,463,817
0,1634115210200000000,799.766125,384.9685,1014,862
0,1634115210200000000,799.766125,384.9685,1014,862
0,1634115210200000000,799.766125,384.9685,1014,862
0,1634115210200000000,799.766125,384.9685,1014,862
0,1634115210200000000,799.766125,384.9685,1014,862
0,1634115210200000000,799.766125,384.9685,1011,863
0,1634115210200000000,799.766125,384.9685,1011,863
0,1634115210200000000,799.766125,384.9685,1011,863
0,1634115210200000000,799.766125,384.9685,1011,863
0,1634115210200000000,799.766125,384.9685,1011,863
0,1634115210200000000,799.766125,384.9685,1011,863
0,1634115210200000000,799.766125,384.9685,1011,863
0,1634115210200000000,799.766125,384.9685,853,332
0,1634115210200000000,799.766125,384.9685,853,332
0,1634115210200000000,799.766125,384.9685,829,464
0,1634115210200000000,799.766125,384.9685,829,464
0,1634115210200000000,799.766125,384.9685,829,464
0,1634115210200000000,799.766125,384.9685,829,464
0,1634115210200000000,799.766125,384.9685,829,464
0,1634115210200000000,799.766125,384.9685,829,464
0,1634115210200000000,799.766125,384.9685,481,190
0,1634115210200000000,799.766125,384.9685,481,190
0,1634115210200000000,799.766125,384.9685,481,190
0,1634115210200000000,799.766125,384.9685,900,387
0,1634115210200000000,799.766125,384.9685,954,442
0,1634115210200000000,799.766125,384.9685,954,442
0,1634115210200000000,799.766125,384.9685,954,442
0,1634115210200000000,799.766125,384.9685,954,442
0,1634115210200000000,799.766125,384.9685,954,442
0,1634115210200000000,799.766125,384.9685,954,442
0,1634115210200000000,799.766125,384.9685,954,442
0,1634115210200000000,799.766125,384.9685,827,460
0,1634115210200000000,799.766125,384.9685,827,460
0,1634115210200000000,799.766125,384.9685,827,460
0,1634115210200000000,799.766125,384.9685,827,460
0,1634115210200000000,799.766125,384.9685,1,10
