index,section id,recording id,timestamp [ns],gaze x [px],gaze y [px],worn,fixation id,blink id,heatmap_ts,ref_center_x,ref_center_y
564,5d961e7c-0c11-4f4d-9e8d-6d6b64418092,57523974-8e87-4e04-8fd2-5ba9c7f08b68,1649751110393771737,492.529,495.015,0.0,3.0,,2823.951,659,996
568,5d961e7c-0c11-4f4d-9e8d-6d6b64418092,57523974-8e87-4e04-8fd2-5ba9c7f08b68,1649751110413792737,491.74,494.917,0.0,3.0,,2843.972,659,996
574,5d961e7c-0c11-4f4d-9e8d-6d6b64418092,57523974-8e87-4e04-8fd2-5ba9c7f08b68,1649751110441778737,486.782,508.806,0.0,3.0,,2871.958,720,638
581,5d961e7c-0c11-4f4d-9e8d-6d6b64418092,57523974-8e87-4e04-8fd2-5ba9c7f08b68,1649751110477787737,484.694,508.414,0.0,3.0,,2907.967,719,636
587,5d961e7c-0c11-4f4d-9e8d-6d6b64418092,57523974-8e87-4e04-8fd2-5ba9c7f08b68,1649751110509720737,489.11,510.813,0.0,3.0,,2939.9,513,560
594,5d961e7c-0c11-4f4d-9e8d-6d6b64418092,57523974-8e87-4e04-8fd2-5ba9c7f08b68,1649751110541784737,483.136,512.705,0.0,3.0,,2971.964,719,642
602,5d961e7c-0c11-4f4d-9e8d-6d6b64418092,57523974-8e87-4e04-8fd2-5ba9c7f08b68,1649751110581777737,488.453,511.855,0.0,3.0,,3011.957,513,561
610,5d961e7c-0c11-4f4d-9e8d-6d6b64418092,57523974-8e87-4e04-8fd2-5ba9c7f08b68,1649751110621795737,471.194,508.378,0.0,3.0,,3051.975,613,504
615,5d961e7c-0c11-4f4d-9e8d-6d6b64418092,57523974-8e87-4e04-8fd2-5ba9c7f08b68,1649751110649797737,473.244,505.47,0.0,3.0,,3079.977,615,500
623,5d961e7c-0c11-4f4d-9e8d-6d6b64418092,57523974-8e87-4e04-8fd2-5ba9c7f08b68,1649751110689857737,476.974,508.143,0.0,3.0,,3120.037,719,631
628,5d961e7c-0c11-4f4d-9e8d-6d6b64418092,57523974-8e87-4e04-8fd2-5ba9c7f08b68,1649751110713839737,483.2,504.591,0.0,3.0,,3144.019,728,629
635,5d961e7c-0c11-4f4d-9e8d-6d6b64418092,57523974-8e87-4e04-8fd2-5ba9c7f08b68,1649751110749849737,477.668,510.518,0.0,3.0,,3180.029,723,635
643,5d961e7c-0c11-4f4d-9e8d-6d6b64418092,57523974-8e87-4e04-8fd2-5ba9c7f08b68,1649751110790112737,479.606,524.869,0.0,3.0,,3220.292,755,651
648,5d961e7c-0c11-4f4d-9e8d-6d6b64418092,57523974-8e87-4e04-8fd2-5ba9c7f08b68,1649751110813747737,480.011,524.242,0.0,3.0,,3243.927,755,651
655,5d961e7c-0c11-4f4d-9e8d-6d6b64418092,57523974-8e87-4e04-8fd2-5ba9c7f08b68,1649751110849852737,474.1,522.875,0.0,3.0,,3280.032,752,650
661,5d961e7c-0c11-4f4d-9e8d-6d6b64418092,57523974-8e87-4e04-8fd2-5ba9c7f08b68,1649751110877800737,472.874,518.581,0.0,,,3307.98,525,567
669,5d961e7c-0c11-4f4d-9e8d-6d6b64418092,57523974-8e87-4e04-8fd2-5ba9c7f08b68,1649751110917827737,501.457,503.59,0.0,4.0,,3348.007,699,853
675,5d961e7c-0c11-4f4d-9e8d-6d6b64418092,57523974-8e87-4e04-8fd2-5ba9c7f08b68,1649751110949858737,484.249,496.675,0.0,4.0,,3380.038,729,626
681,5d961e7c-0c11-4f4d-9e8d-6d6b64418092,57523974-8e87-4e04-8fd2-5ba9c7f08b68,1649751110977797737,471.563,488.22,0.0,4.0,,3407.977,468,956
688,5d961e7c-0c11-4f4d-9e8d-6d6b64418092,57523974-8e87-4e04-8fd2-5ba9c7f08b68,1649751111013797737,462.002,490.952,0.0,4.0,,3443.977,941,894
695,5d961e7c-0c11-4f4d-9e8d-6d6b64418092,57523974-8e87-4e04-8fd2-5ba9c7f08b68,1649751111049878737,461.07,491.137,0.0,4.0,,3480.058,939,895
702,5d961e7c-0c11-4f4d-9e8d-6d6b64418092,57523974-8e87-4e04-8fd2-5ba9c7f08b68,1649751111081824737,460.418,491.199,0.0,4.0,,3512.004,939,895
709,5d961e7c-0c11-4f4d-9e8d-6d6b64418092,57523974-8e87-4e04-8fd2-5ba9c7f08b68,1649751111117769737,473.49,494.818,0.0,4.0,,3547.949,662,997
715,5d961e7c-0c11-4f4d-9e8d-6d6b64418092,57523974-8e87-4e04-8fd2-5ba9c7f08b68,1649751111149800737,470.078,497.155,0.0,4.0,,3579.98,647,1001
720,5d961e7c-0c11-4f4d-9e8d-6d6b64418092,57523974-8e87-4e04-8fd2-5ba9c7f08b68,1649751111173804737,465.742,498.192,0.0,4.0,,3603.984,41,150
729,5d961e7c-0c11-4f4d-9e8d-6d6b64418092,57523974-8e87-4e04-8fd2-5ba9c7f08b68,1649751111217782737,458.007,498.59,0.0,4.0,,3647.962,612,499
734,5d961e7c-0c11-4f4d-9e8d-6d6b64418092,57523974-8e87-4e04-8fd2-5ba9c7f08b68,1649751111245802737,460.321,504.874,0.0,4.0,,3675.982,24,769
741,5d961e7c-0c11-4f4d-9e8d-6d6b64418092,57523974-8e87-4e04-8fd2-5ba9c7f08b68,1649751111277804737,478.736,504.549,0.0,4.0,,3707.984,734,633
748,5d961e7c-0c11-4f4d-9e8d-6d6b64418092,57523974-8e87-4e04-8fd2-5ba9c7f08b68,1649751111313838737,485.787,496.083,0.0,4.0,,3744.018,728,627
754,5d961e7c-0c11-4f4d-9e8d-6d6b64418092,57523974-8e87-4e04-8fd2-5ba9c7f08b68,1649751111345801737,484.038,486.26,0.0,4.0,,3775.981,355,959
761,5d961e7c-0c11-4f4d-9e8d-6d6b64418092,57523974-8e87-4e04-8fd2-5ba9c7f08b68,1649751111377924737,481.971,488.515,0.0,4.0,,3808.104,665,992
769,5d961e7c-0c11-4f4d-9e8d-6d6b64418092,57523974-8e87-4e04-8fd2-5ba9c7f08b68,1649751111417788737,477.283,489.34,0.0,4.0,,3847.968,646,994
775,5d961e7c-0c11-4f4d-9e8d-6d6b64418092,57523974-8e87-4e04-8fd2-5ba9c7f08b68,1649751111449801737,516.171,503.193,0.0,,,3879.981,550,561
781,5d961e7c-0c11-4f4d-9e8d-6d6b64418092,57523974-8e87-4e04-8fd2-5ba9c7f08b68,1649751111477787737,533.17,532.619,0.0,5.0,,3907.967,721,597
789,5d961e7c-0c11-4f4d-9e8d-6d6b64418092,57523974-8e87-4e04-8fd2-5ba9c7f08b68,1649751111517819737,529.528,535.713,0.0,5.0,,3947.999,576,744
795,5d961e7c-0c11-4f4d-9e8d-6d6b64418092,57523974-8e87-4e04-8fd2-5ba9c7f08b68,1649751111550033737,532.634,539.525,0.0,5.0,,3980.213,578,748
801,5d961e7c-0c11-4f4d-9e8d-6d6b64418092,57523974-8e87-4e04-8fd2-5ba9c7f08b68,1649751111578008737,527.266,545.298,0.0,5.0,,4008.188,575,751
809,5d961e7c-0c11-4f4d-9e8d-6d6b64418092,57523974-8e87-4e04-8fd2-5ba9c7f08b68,1649751111617789737,528.226,542.197,0.0,5.0,,4047.969,574,749
815,5d961e7c-0c11-4f4d-9e8d-6d6b64418092,57523974-8e87-4e04-8fd2-5ba9c7f08b68,1649751111649795737,525.044,541.028,0.0,5.0,,4079.975,572,747
822,5d961e7c-0c11-4f4d-9e8d-6d6b64418092,57523974-8e87-4e04-8fd2-5ba9c7f08b68,1649751111685843737,528.321,541.241,0.0,5.0,,4116.023,574,748
829,5d961e7c-0c11-4f4d-9e8d-6d6b64418092,57523974-8e87-4e04-8fd2-5ba9c7f08b68,1649751111717734737,536.9,525.814,0.0,5.0,,4147.914,903,1055
835,5d961e7c-0c11-4f4d-9e8d-6d6b64418092,57523974-8e87-4e04-8fd2-5ba9c7f08b68,1649751111749735737,527.186,519.945,0.0,5.0,,4179.915,967,649
842,5d961e7c-0c11-4f4d-9e8d-6d6b64418092,57523974-8e87-4e04-8fd2-5ba9c7f08b68,1649751111785753737,528.117,528.008,0.0,5.0,,4215.933,720,657
849,5d961e7c-0c11-4f4d-9e8d-6d6b64418092,57523974-8e87-4e04-8fd2-5ba9c7f08b68,1649751111817758737,535.704,529.679,0.0,5.0,,4247.938,722,594
854,5d961e7c-0c11-4f4d-9e8d-6d6b64418092,57523974-8e87-4e04-8fd2-5ba9c7f08b68,1649751111845735737,529.065,527.682,0.0,5.0,,4275.915,721,658
861,5d961e7c-0c11-4f4d-9e8d-6d6b64418092,57523974-8e87-4e04-8fd2-5ba9c7f08b68,1649751111877713737,526.34,522.706,0.0,5.0,,4307.893,609,898
869,5d961e7c-0c11-4f4d-9e8d-6d6b64418092,57523974-8e87-4e04-8fd2-5ba9c7f08b68,1649751111917750737,541.051,520.166,0.0,5.0,,4347.93,820,693
875,5d961e7c-0c11-4f4d-9e8d-6d6b64418092,57523974-8e87-4e04-8fd2-5ba9c7f08b68,1649751111949736737,539.503,529.794,0.0,5.0,,4379.916,612,731
881,5d961e7c-0c11-4f4d-9e8d-6d6b64418092,57523974-8e87-4e04-8fd2-5ba9c7f08b68,1649751111981734737,540.458,533.712,0.0,5.0,,4411.914,594,744
889,5d961e7c-0c11-4f4d-9e8d-6d6b64418092,57523974-8e87-4e04-8fd2-5ba9c7f08b68,1649751112021806737,547.042,534.728,0.0,5.0,,4451.986,643,643
895,5d961e7c-0c11-4f4d-9e8d-6d6b64418092,57523974-8e87-4e04-8fd2-5ba9c7f08b68,1649751112049708737,537.345,531.545,0.0,5.0,,4479.888,593,742
901,5d961e7c-0c11-4f4d-9e8d-6d6b64418092,57523974-8e87-4e04-8fd2-5ba9c7f08b68,1649751112082011737,537.711,516.127,0.0,5.0,,4512.191,534,720
909,5d961e7c-0c11-4f4d-9e8d-6d6b64418092,57523974-8e87-4e04-8fd2-5ba9c7f08b68,1649751112121749737,523.596,517.476,0.0,5.0,,4551.929,516,730
915,5d961e7c-0c11-4f4d-9e8d-6d6b64418092,57523974-8e87-4e04-8fd2-5ba9c7f08b68,1649751112149748737,524.499,519.423,0.0,5.0,,4579.928,515,732
921,5d961e7c-0c11-4f4d-9e8d-6d6b64418092,57523974-8e87-4e04-8fd2-5ba9c7f08b68,1649751112181859737,524.327,514.923,0.0,5.0,,4612.039,607,891
928,5d961e7c-0c11-4f4d-9e8d-6d6b64418092,57523974-8e87-4e04-8fd2-5ba9c7f08b68,1649751112213722737,523.541,519.265,0.0,5.0,,4643.902,514,732
935,5d961e7c-0c11-4f4d-9e8d-6d6b64418092,57523974-8e87-4e04-8fd2-5ba9c7f08b68,1649751112249746737,514.589,519.848,0.0,5.0,,4679.926,1012,998
942,5d961e7c-0c11-4f4d-9e8d-6d6b64418092,57523974-8e87-4e04-8fd2-5ba9c7f08b68,1649751112285733737,514.501,535.854,0.0,5.0,,4715.913,571,740
948,5d961e7c-0c11-4f4d-9e8d-6d6b64418092,57523974-8e87-4e04-8fd2-5ba9c7f08b68,1649751112313740737,512.91,529.383,0.0,5.0,,4743.92,1010,1006
955,5d961e7c-0c11-4f4d-9e8d-6d6b64418092,57523974-8e87-4e04-8fd2-5ba9c7f08b68,1649751112349745737,512.061,536.001,0.0,5.0,,4779.925,572,738
961,5d961e7c-0c11-4f4d-9e8d-6d6b64418092,57523974-8e87-4e04-8fd2-5ba9c7f08b68,1649751112381876737,531.402,533.603,0.0,5.0,,4812.056,582,744
969,5d961e7c-0c11-4f4d-9e8d-6d6b64418092,57523974-8e87-4e04-8fd2-5ba9c7f08b68,1649751112421784737,523.583,526.412,0.0,5.0,,4851.964,719,658
976,5d961e7c-0c11-4f4d-9e8d-6d6b64418092,57523974-8e87-4e04-8fd2-5ba9c7f08b68,1649751112453754737,510.728,519.341,0.0,5.0,,4883.934,1012,997
981,5d961e7c-0c11-4f4d-9e8d-6d6b64418092,57523974-8e87-4e04-8fd2-5ba9c7f08b68,1649751112481944737,513.792,517.555,0.0,5.0,,4912.124,1015,997
989,5d961e7c-0c11-4f4d-9e8d-6d6b64418092,57523974-8e87-4e04-8fd2-5ba9c7f08b68,1649751112521750737,523.37,505.778,0.0,5.0,,4951.93,970,639
993,5d961e7c-0c11-4f4d-9e8d-6d6b64418092,57523974-8e87-4e04-8fd2-5ba9c7f08b68,1649751112541750737,522.63,508.712,0.0,5.0,,4971.93,971,642
1000,5d961e7c-0c11-4f4d-9e8d-6d6b64418092,57523974-8e87-4e04-8fd2-5ba9c7f08b68,1649751112573763737,521.912,514.12,0.0,5.0,,5003.943,969,649
1009,5d961e7c-0c11-4f4d-9e8d-6d6b64418092,57523974-8e87-4e04-8fd2-5ba9c7f08b68,1649751112621734737,518.467,517.938,0.0,5.0,,5051.914,516,733
1015,5d961e7c-0c11-4f4d-9e8d-6d6b64418092,57523974-8e87-4e04-8fd2-5ba9c7f08b68,1649751112649714737,518.426,512.139,0.0,5.0,,5079.894,968,647
1021,5d961e7c-0c11-4f4d-9e8d-6d6b64418092,57523974-8e87-4e04-8fd2-5ba9c7f08b68,1649751112681755737,521.654,504.467,0.0,5.0,,5111.935,974,638
1029,5d961e7c-0c11-4f4d-9e8d-6d6b64418092,57523974-8e87-4e04-8fd2-5ba9c7f08b68,1649751112721723737,536.053,503.317,0.0,5.0,,5151.903,615,446
1034,5d961e7c-0c11-4f4d-9e8d-6d6b64418092,57523974-8e87-4e04-8fd2-5ba9c7f08b68,1649751112745743737,539.478,503.43,0.0,5.0,,5175.923,619,446
1039,5d961e7c-0c11-4f4d-9e8d-6d6b64418092,57523974-8e87-4e04-8fd2-5ba9c7f08b68,1649751112769797737,536.61,497.684,0.0,5.0,,5199.977,617,441
1047,5d961e7c-0c11-4f4d-9e8d-6d6b64418092,57523974-8e87-4e04-8fd2-5ba9c7f08b68,1649751112809749737,520.591,523.101,0.0,5.0,,5239.929,720,594
1054,5d961e7c-0c11-4f4d-9e8d-6d6b64418092,57523974-8e87-4e04-8fd2-5ba9c7f08b68,1649751112845752737,467.905,485.055,0.0,,,5275.932,670,992
1061,5d961e7c-0c11-4f4d-9e8d-6d6b64418092,57523974-8e87-4e04-8fd2-5ba9c7f08b68,1649751112881728737,453.029,483.837,0.0,6.0,,5311.908,937,894
1068,5d961e7c-0c11-4f4d-9e8d-6d6b64418092,57523974-8e87-4e04-8fd2-5ba9c7f08b68,1649751112917737737,441.277,494.576,0.0,6.0,,5347.917,455,541
1074,5d961e7c-0c11-4f4d-9e8d-6d6b64418092,57523974-8e87-4e04-8fd2-5ba9c7f08b68,1649751112945741737,455.406,489.86,0.0,6.0,,5375.921,614,495
1080,5d961e7c-0c11-4f4d-9e8d-6d6b64418092,57523974-8e87-4e04-8fd2-5ba9c7f08b68,1649751112977788737,460.482,492.961,0.0,6.0,,5407.968,40,150
1088,5d961e7c-0c11-4f4d-9e8d-6d6b64418092,57523974-8e87-4e04-8fd2-5ba9c7f08b68,1649751113017809737,450.318,490.207,0.0,6.0,,5447.989,931,899
1096,5d961e7c-0c11-4f4d-9e8d-6d6b64418092,57523974-8e87-4e04-8fd2-5ba9c7f08b68,1649751113057786737,460.302,488.327,0.0,6.0,,5487.966,341,963
1101,5d961e7c-0c11-4f4d-9e8d-6d6b64418092,57523974-8e87-4e04-8fd2-5ba9c7f08b68,1649751113081849737,458.401,484.169,0.0,6.0,,5512.029,343,960
1108,5d961e7c-0c11-4f4d-9e8d-6d6b64418092,57523974-8e87-4e04-8fd2-5ba9c7f08b68,1649751113117792737,454.635,479.122,0.0,6.0,,5547.972,344,955
1114,5d961e7c-0c11-4f4d-9e8d-6d6b64418092,57523974-8e87-4e04-8fd2-5ba9c7f08b68,1649751113145770737,455.107,477.847,0.0,6.0,,5575.95,345,954
1120,5d961e7c-0c11-4f4d-9e8d-6d6b64418092,57523974-8e87-4e04-8fd2-5ba9c7f08b68,1649751113177751737,457.65,480.473,0.0,6.0,,5607.931,346,955
1129,5d961e7c-0c11-4f4d-9e8d-6d6b64418092,57523974-8e87-4e04-8fd2-5ba9c7f08b68,1649751113221794737,446.872,486.015,0.0,6.0,,5651.974,924,717
1135,5d961e7c-0c11-4f4d-9e8d-6d6b64418092,57523974-8e87-4e04-8fd2-5ba9c7f08b68,1649751113249759737,447.99,491.313,0.0,6.0,,5679.939,47,1022
1141,5d961e7c-0c11-4f4d-9e8d-6d6b64418092,57523974-8e87-4e04-8fd2-5ba9c7f08b68,1649751113281786737,453.501,497.286,0.0,6.0,,5711.966,613,495
1148,5d961e7c-0c11-4f4d-9e8d-6d6b64418092,57523974-8e87-4e04-8fd2-5ba9c7f08b68,1649751113317771737,458.536,490.978,0.0,6.0,,5747.951,941,893
1155,5d961e7c-0c11-4f4d-9e8d-6d6b64418092,57523974-8e87-4e04-8fd2-5ba9c7f08b68,1649751113349845737,457.158,493.319,0.0,6.0,,5780.025,939,895
1160,5d961e7c-0c11-4f4d-9e8d-6d6b64418092,57523974-8e87-4e04-8fd2-5ba9c7f08b68,1649751113377841737,461.591,488.719,0.0,6.0,,5808.021,347,959
1169,5d961e7c-0c11-4f4d-9e8d-6d6b64418092,57523974-8e87-4e04-8fd2-5ba9c7f08b68,1649751113421791737,451.425,492.038,0.0,6.0,,5851.971,51,1022
1174,5d961e7c-0c11-4f4d-9e8d-6d6b64418092,57523974-8e87-4e04-8fd2-5ba9c7f08b68,1649751113445785737,453.173,500.466,0.0,,,5875.965,614,498
1180,5d961e7c-0c11-4f4d-9e8d-6d6b64418092,57523974-8e87-4e04-8fd2-5ba9c7f08b68,1649751113477785737,476.902,505.839,0.0,7.0,,5907.965,687,588
1189,5d961e7c-0c11-4f4d-9e8d-6d6b64418092,57523974-8e87-4e04-8fd2-5ba9c7f08b68,1649751113521775737,472.041,499.754,0.0,7.0,,5951.955,728,631
1194,5d961e7c-0c11-4f4d-9e8d-6d6b64418092,57523974-8e87-4e04-8fd2-5ba9c7f08b68,1649751113545826737,473.677,500.246,0.0,7.0,,5976.006,730,631
1201,5d961e7c-0c11-4f4d-9e8d-6d6b64418092,57523974-8e87-4e04-8fd2-5ba9c7f08b68,1649751113581843737,465.456,503.287,0.0,7.0,,6012.023,735,635
1207,5d961e7c-0c11-4f4d-9e8d-6d6b64418092,57523974-8e87-4e04-8fd2-5ba9c7f08b68,1649751113613774737,466.862,502.423,0.0,7.0,,6043.954,682,589
1213,5d961e7c-0c11-4f4d-9e8d-6d6b64418092,57523974-8e87-4e04-8fd2-5ba9c7f08b68,1649751113641747737,466.122,501.438,0.0,7.0,,6071.927,736,633
1219,5d961e7c-0c11-4f4d-9e8d-6d6b64418092,57523974-8e87-4e04-8fd2-5ba9c7f08b68,1649751113673781737,463.338,496.786,0.0,7.0,,6103.961,732,629
1226,5d961e7c-0c11-4f4d-9e8d-6d6b64418092,57523974-8e87-4e04-8fd2-5ba9c7f08b68,1649751113705796737,462.199,495.171,0.0,7.0,,6135.976,727,628
1233,5d961e7c-0c11-4f4d-9e8d-6d6b64418092,57523974-8e87-4e04-8fd2-5ba9c7f08b68,1649751113741832737,458.343,496.682,0.0,7.0,,6172.012,726,629
1239,5d961e7c-0c11-4f4d-9e8d-6d6b64418092,57523974-8e87-4e04-8fd2-5ba9c7f08b68,1649751113774071737,465.788,492.895,0.0,7.0,,6204.251,727,626
1246,5d961e7c-0c11-4f4d-9e8d-6d6b64418092,57523974-8e87-4e04-8fd2-5ba9c7f08b68,1649751113805800737,460.128,492.237,0.0,7.0,,6235.98,665,996
1252,5d961e7c-0c11-4f4d-9e8d-6d6b64418092,57523974-8e87-4e04-8fd2-5ba9c7f08b68,1649751113837815737,472.655,495.226,0.0,7.0,,6267.995,733,627
1259,5d961e7c-0c11-4f4d-9e8d-6d6b64418092,57523974-8e87-4e04-8fd2-5ba9c7f08b68,1649751113873785737,457.566,493.719,0.0,7.0,,6303.965,685,996
1266,5d961e7c-0c11-4f4d-9e8d-6d6b64418092,57523974-8e87-4e04-8fd2-5ba9c7f08b68,1649751113905790737,469.923,506.66,0.0,7.0,,6335.97,652,606
1273,5d961e7c-0c11-4f4d-9e8d-6d6b64418092,57523974-8e87-4e04-8fd2-5ba9c7f08b68,1649751113941796737,468.041,507.323,0.0,7.0,,6371.976,651,607
1279,5d961e7c-0c11-4f4d-9e8d-6d6b64418092,57523974-8e87-4e04-8fd2-5ba9c7f08b68,1649751113973838737,461.127,507.863,0.0,7.0,,6404.018,649,606
1286,5d961e7c-0c11-4f4d-9e8d-6d6b64418092,57523974-8e87-4e04-8fd2-5ba9c7f08b68,1649751114005804737,459.35,506.294,0.0,7.0,,6435.984,645,605
1293,5d961e7c-0c11-4f4d-9e8d-6d6b64418092,57523974-8e87-4e04-8fd2-5ba9c7f08b68,1649751114041800737,462.952,514.34,0.0,7.0,,6471.98,758,650
1299,5d961e7c-0c11-4f4d-9e8d-6d6b64418092,57523974-8e87-4e04-8fd2-5ba9c7f08b68,1649751114073782737,468.286,514.739,0.0,7.0,,6503.962,209,712
1306,5d961e7c-0c11-4f4d-9e8d-6d6b64418092,57523974-8e87-4e04-8fd2-5ba9c7f08b68,1649751114105769737,467.716,521.912,0.0,7.0,,6535.949,221,713
1312,5d961e7c-0c11-4f4d-9e8d-6d6b64418092,57523974-8e87-4e04-8fd2-5ba9c7f08b68,1649751114137778737,474.67,520.214,0.0,7.0,,6567.958,237,707
1319,5d961e7c-0c11-4f4d-9e8d-6d6b64418092,57523974-8e87-4e04-8fd2-5ba9c7f08b68,1649751114173728737,479.298,516.849,0.0,7.0,,6603.908,241,705
1326,5d961e7c-0c11-4f4d-9e8d-6d6b64418092,57523974-8e87-4e04-8fd2-5ba9c7f08b68,1649751114205782737,478.252,517.716,0.0,7.0,,6635.962,239,706
1333,5d961e7c-0c11-4f4d-9e8d-6d6b64418092,57523974-8e87-4e04-8fd2-5ba9c7f08b68,1649751114241798737,482.685,509.212,0.0,7.0,,6671.978,546,567
1339,5d961e7c-0c11-4f4d-9e8d-6d6b64418092,57523974-8e87-4e04-8fd2-5ba9c7f08b68,1649751114273774737,477.92,511.813,0.0,7.0,,6703.954,552,565
1345,5d961e7c-0c11-4f4d-9e8d-6d6b64418092,57523974-8e87-4e04-8fd2-5ba9c7f08b68,1649751114301853737,478.664,508.301,0.0,7.0,,6732.033,1025,595
1353,5d961e7c-0c11-4f4d-9e8d-6d6b64418092,57523974-8e87-4e04-8fd2-5ba9c7f08b68,1649751114341843737,487.728,500.971,0.0,7.0,,6772.023,554,559
1359,5d961e7c-0c11-4f4d-9e8d-6d6b64418092,57523974-8e87-4e04-8fd2-5ba9c7f08b68,1649751114373940737,486.97,492.498,0.0,7.0,,6804.12,550,523
1365,5d961e7c-0c11-4f4d-9e8d-6d6b64418092,57523974-8e87-4e04-8fd2-5ba9c7f08b68,1649751114401838737,493.169,493.645,0.0,7.0,,6832.018,561,551
1373,5d961e7c-0c11-4f4d-9e8d-6d6b64418092,57523974-8e87-4e04-8fd2-5ba9c7f08b68,1649751114441814737,489.639,491.997,0.0,7.0,,6871.994,554,521
1379,5d961e7c-0c11-4f4d-9e8d-6d6b64418092,57523974-8e87-4e04-8fd2-5ba9c7f08b68,1649751114473742737,487.542,491.601,0.0,7.0,,6903.922,553,521
1385,5d961e7c-0c11-4f4d-9e8d-6d6b64418092,57523974-8e87-4e04-8fd2-5ba9c7f08b68,1649751114501784737,487.881,493.719,0.0,7.0,,6931.964,558,551
1393,5d961e7c-0c11-4f4d-9e8d-6d6b64418092,57523974-8e87-4e04-8fd2-5ba9c7f08b68,1649751114541904737,466.576,487.148,0.0,,,6972.084,533,520
1399,5d961e7c-0c11-4f4d-9e8d-6d6b64418092,57523974-8e87-4e04-8fd2-5ba9c7f08b68,1649751114573769737,496.683,489.062,0.0,,,7003.949,567,544
1405,5d961e7c-0c11-4f4d-9e8d-6d6b64418092,57523974-8e87-4e04-8fd2-5ba9c7f08b68,1649751114601786737,508.507,488.551,0.0,,,7031.966,579,544
1413,5d961e7c-0c11-4f4d-9e8d-6d6b64418092,57523974-8e87-4e04-8fd2-5ba9c7f08b68,1649751114641764737,517.262,559.358,0.0,,,7071.944,930,743
1419,5d961e7c-0c11-4f4d-9e8d-6d6b64418092,57523974-8e87-4e04-8fd2-5ba9c7f08b68,1649751114673772737,544.334,596.166,0.0,,,7103.952,631,678
1425,5d961e7c-0c11-4f4d-9e8d-6d6b64418092,57523974-8e87-4e04-8fd2-5ba9c7f08b68,1649751114701787737,585.516,558.342,0.0,,,7131.967,528,520
1433,5d961e7c-0c11-4f4d-9e8d-6d6b64418092,57523974-8e87-4e04-8fd2-5ba9c7f08b68,1649751114741781737,504.111,574.053,0.0,,,7171.961,155,249
1439,5d961e7c-0c11-4f4d-9e8d-6d6b64418092,57523974-8e87-4e04-8fd2-5ba9c7f08b68,1649751114773800737,473.966,506.942,0.0,,,7203.98,1025,596
1446,5d961e7c-0c11-4f4d-9e8d-6d6b64418092,57523974-8e87-4e04-8fd2-5ba9c7f08b68,1649751114809788737,484.207,483.324,0.0,8.0,,7239.968,549,517
1453,5d961e7c-0c11-4f4d-9e8d-6d6b64418092,57523974-8e87-4e04-8fd2-5ba9c7f08b68,1649751114841798737,490.664,485.449,0.0,8.0,,7271.978,556,518
1459,5d961e7c-0c11-4f4d-9e8d-6d6b64418092,57523974-8e87-4e04-8fd2-5ba9c7f08b68,1649751114873791737,484.921,494.934,0.0,8.0,,7303.971,691,853
1465,5d961e7c-0c11-4f4d-9e8d-6d6b64418092,57523974-8e87-4e04-8fd2-5ba9c7f08b68,1649751114901772737,467.318,480.94,0.0,8.0,,7331.952,532,516
1473,5d961e7c-0c11-4f4d-9e8d-6d6b64418092,57523974-8e87-4e04-8fd2-5ba9c7f08b68,1649751114941800737,470.59,474.768,0.0,8.0,,7371.98,535,509
1479,5d961e7c-0c11-4f4d-9e8d-6d6b64418092,57523974-8e87-4e04-8fd2-5ba9c7f08b68,1649751114973852737,478.589,485.176,0.0,8.0,,7404.032,638,739
1485,5d961e7c-0c11-4f4d-9e8d-6d6b64418092,57523974-8e87-4e04-8fd2-5ba9c7f08b68,1649751115001800737,489.638,495.515,0.0,8.0,,7431.98,556,557
1492,5d961e7c-0c11-4f4d-9e8d-6d6b64418092,57523974-8e87-4e04-8fd2-5ba9c7f08b68,1649751115037818737,501.05,492.793,0.0,8.0,,7467.998,566,556
1499,5d961e7c-0c11-4f4d-9e8d-6d6b64418092,57523974-8e87-4e04-8fd2-5ba9c7f08b68,1649751115073784737,491.701,499.331,0.0,8.0,,7503.964,555,560
1505,5d961e7c-0c11-4f4d-9e8d-6d6b64418092,57523974-8e87-4e04-8fd2-5ba9c7f08b68,1649751115105788737,486.193,509.172,0.0,8.0,,7535.968,557,566
1513,5d961e7c-0c11-4f4d-9e8d-6d6b64418092,57523974-8e87-4e04-8fd2-5ba9c7f08b68,1649751115145771737,477.626,514.239,0.0,8.0,,7575.951,239,705
1519,5d961e7c-0c11-4f4d-9e8d-6d6b64418092,57523974-8e87-4e04-8fd2-5ba9c7f08b68,1649751115173811737,475.878,510.801,0.0,8.0,,7603.991,549,567
1525,5d961e7c-0c11-4f4d-9e8d-6d6b64418092,57523974-8e87-4e04-8fd2-5ba9c7f08b68,1649751115205751737,476.516,507.598,0.0,8.0,,7635.931,548,565
1533,5d961e7c-0c11-4f4d-9e8d-6d6b64418092,57523974-8e87-4e04-8fd2-5ba9c7f08b68,1649751115245765737,495.659,503.38,0.0,8.0,,7675.945,557,565
1541,5d961e7c-0c11-4f4d-9e8d-6d6b64418092,57523974-8e87-4e04-8fd2-5ba9c7f08b68,1649751115285795737,486.823,496.772,0.0,8.0,,7715.975,1029,588
1546,5d961e7c-0c11-4f4d-9e8d-6d6b64418092,57523974-8e87-4e04-8fd2-5ba9c7f08b68,1649751115309856737,497.215,505.519,0.0,,,7740.036,205,425
1554,5d961e7c-0c11-4f4d-9e8d-6d6b64418092,57523974-8e87-4e04-8fd2-5ba9c7f08b68,1649751115349769737,518.903,516.319,0.0,9.0,,7779.949,540,720
1561,5d961e7c-0c11-4f4d-9e8d-6d6b64418092,57523974-8e87-4e04-8fd2-5ba9c7f08b68,1649751115385838737,510.643,517.316,0.0,9.0,,7816.018,816,691
1567,5d961e7c-0c11-4f4d-9e8d-6d6b64418092,57523974-8e87-4e04-8fd2-5ba9c7f08b68,1649751115413791737,528.22,517.912,0.0,9.0,,7843.971,633,443
1574,5d961e7c-0c11-4f4d-9e8d-6d6b64418092,57523974-8e87-4e04-8fd2-5ba9c7f08b68,1649751115449788737,532.251,510.639,0.0,9.0,,7879.968,922,1052
1580,5d961e7c-0c11-4f4d-9e8d-6d6b64418092,57523974-8e87-4e04-8fd2-5ba9c7f08b68,1649751115477843737,524.93,502.708,0.0,9.0,,7908.023,769,332
1587,5d961e7c-0c11-4f4d-9e8d-6d6b64418092,57523974-8e87-4e04-8fd2-5ba9c7f08b68,1649751115513900737,531.825,497.546,0.0,9.0,,7944.08,636,430
1593,5d961e7c-0c11-4f4d-9e8d-6d6b64418092,57523974-8e87-4e04-8fd2-5ba9c7f08b68,1649751115545764737,529.53,496.987,0.0,9.0,,7975.944,633,437
1599,5d961e7c-0c11-4f4d-9e8d-6d6b64418092,57523974-8e87-4e04-8fd2-5ba9c7f08b68,1649751115573785737,528.495,493.431,0.0,9.0,,8003.965,630,433
1605,5d961e7c-0c11-4f4d-9e8d-6d6b64418092,57523974-8e87-4e04-8fd2-5ba9c7f08b68,1649751115605804737,533.696,500.429,0.0,9.0,,8035.984,966,575
1613,5d961e7c-0c11-4f4d-9e8d-6d6b64418092,57523974-8e87-4e04-8fd2-5ba9c7f08b68,1649751115645775737,518.772,508.748,0.0,9.0,,8075.955,718,509
1620,5d961e7c-0c11-4f4d-9e8d-6d6b64418092,57523974-8e87-4e04-8fd2-5ba9c7f08b68,1649751115677817737,498.278,507.212,0.0,9.0,,8107.997,206,427
1627,5d961e7c-0c11-4f4d-9e8d-6d6b64418092,57523974-8e87-4e04-8fd2-5ba9c7f08b68,1649751115713838737,501.277,506.859,0.0,9.0,,8144.018,975,638
1633,5d961e7c-0c11-4f4d-9e8d-6d6b64418092,57523974-8e87-4e04-8fd2-5ba9c7f08b68,1649751115745860737,502.465,516.025,0.0,9.0,,8176.04,974,649
1638,5d961e7c-0c11-4f4d-9e8d-6d6b64418092,57523974-8e87-4e04-8fd2-5ba9c7f08b68,1649751115769922737,499.925,518.054,0.0,9.0,,8200.102,704,507
1645,5d961e7c-0c11-4f4d-9e8d-6d6b64418092,57523974-8e87-4e04-8fd2-5ba9c7f08b68,1649751115805772737,499.834,518.903,0.0,9.0,,8235.952,704,507
1654,5d961e7c-0c11-4f4d-9e8d-6d6b64418092,57523974-8e87-4e04-8fd2-5ba9c7f08b68,1649751115849970737,493.163,518.916,0.0,9.0,,8280.15,513,731
1661,5d961e7c-0c11-4f4d-9e8d-6d6b64418092,57523974-8e87-4e04-8fd2-5ba9c7f08b68,1649751115885824737,484.927,512.809,0.0,9.0,,8316.004,1025,605
1666,5d961e7c-0c11-4f4d-9e8d-6d6b64418092,57523974-8e87-4e04-8fd2-5ba9c7f08b68,1649751115909775737,490.207,505.776,0.0,9.0,,8339.955,551,567
1673,5d961e7c-0c11-4f4d-9e8d-6d6b64418092,57523974-8e87-4e04-8fd2-5ba9c7f08b68,1649751115945861737,490.955,507.746,0.0,9.0,,8376.041,1027,602
1680,5d961e7c-0c11-4f4d-9e8d-6d6b64418092,57523974-8e87-4e04-8fd2-5ba9c7f08b68,1649751115981792737,473.679,503.647,0.0,9.0,,8411.972,653,606
1686,5d961e7c-0c11-4f4d-9e8d-6d6b64418092,57523974-8e87-4e04-8fd2-5ba9c7f08b68,1649751116009779737,480.445,506.266,0.0,9.0,,8439.959,547,565
1694,5d961e7c-0c11-4f4d-9e8d-6d6b64418092,57523974-8e87-4e04-8fd2-5ba9c7f08b68,1649751116049822737,480.176,504.586,0.0,9.0,,8480.002,547,564
1700,5d961e7c-0c11-4f4d-9e8d-6d6b64418092,57523974-8e87-4e04-8fd2-5ba9c7f08b68,1649751116081745737,480.008,507.834,0.0,9.0,,8511.925,550,566
1707,5d961e7c-0c11-4f4d-9e8d-6d6b64418092,57523974-8e87-4e04-8fd2-5ba9c7f08b68,1649751116113792737,492.346,508.249,0.0,9.0,,8543.972,1026,605
1713,5d961e7c-0c11-4f4d-9e8d-6d6b64418092,57523974-8e87-4e04-8fd2-5ba9c7f08b68,1649751116146090737,485.379,516.428,0.0,9.0,,8576.27,240,710
1719,5d961e7c-0c11-4f4d-9e8d-6d6b64418092,57523974-8e87-4e04-8fd2-5ba9c7f08b68,1649751116173779737,472.846,500.272,0.0,9.0,,8603.959,651,605
1725,5d961e7c-0c11-4f4d-9e8d-6d6b64418092,57523974-8e87-4e04-8fd2-5ba9c7f08b68,1649751116205752737,487.587,498.924,0.0,9.0,,8635.932,545,565
1732,5d961e7c-0c11-4f4d-9e8d-6d6b64418092,57523974-8e87-4e04-8fd2-5ba9c7f08b68,1649751116241958737,475.168,502.05,0.0,9.0,,8672.138,659,606
1740,5d961e7c-0c11-4f4d-9e8d-6d6b64418092,57523974-8e87-4e04-8fd2-5ba9c7f08b68,1649751116281779737,475.372,517.134,0.0,9.0,,8711.959,229,714
1747,5d961e7c-0c11-4f4d-9e8d-6d6b64418092,57523974-8e87-4e04-8fd2-5ba9c7f08b68,1649751116313819737,468.441,516.28,0.0,9.0,,8743.999,221,715
1752,5d961e7c-0c11-4f4d-9e8d-6d6b64418092,57523974-8e87-4e04-8fd2-5ba9c7f08b68,1649751116341789737,466.613,508.613,0.0,9.0,,8771.969,754,656
1759,5d961e7c-0c11-4f4d-9e8d-6d6b64418092,57523974-8e87-4e04-8fd2-5ba9c7f08b68,1649751116374012737,462.375,503.926,0.0,9.0,,8804.192,757,649
1766,5d961e7c-0c11-4f4d-9e8d-6d6b64418092,57523974-8e87-4e04-8fd2-5ba9c7f08b68,1649751116409808737,471.831,503.66,0.0,9.0,,8839.988,209,712
1774,5d961e7c-0c11-4f4d-9e8d-6d6b64418092,57523974-8e87-4e04-8fd2-5ba9c7f08b68,1649751116449906737,473.82,507.802,0.0,9.0,,8880.086,214,714
1781,5d961e7c-0c11-4f4d-9e8d-6d6b64418092,57523974-8e87-4e04-8fd2-5ba9c7f08b68,1649751116485787737,478.129,512.871,0.0,9.0,,8915.967,231,713
1787,5d961e7c-0c11-4f4d-9e8d-6d6b64418092,57523974-8e87-4e04-8fd2-5ba9c7f08b68,1649751116513818737,476.847,514.691,0.0,9.0,,8943.998,231,715
1794,5d961e7c-0c11-4f4d-9e8d-6d6b64418092,57523974-8e87-4e04-8fd2-5ba9c7f08b68,1649751116549824737,470.176,514.877,0.0,9.0,,8980.004,226,714
1800,5d961e7c-0c11-4f4d-9e8d-6d6b64418092,57523974-8e87-4e04-8fd2-5ba9c7f08b68,1649751116581861737,461.719,514.124,0.0,9.0,,9012.041,754,660
1806,5d961e7c-0c11-4f4d-9e8d-6d6b64418092,57523974-8e87-4e04-8fd2-5ba9c7f08b68,1649751116609804737,461.187,507.366,0.0,9.0,,9039.984,754,653
1814,5d961e7c-0c11-4f4d-9e8d-6d6b64418092,57523974-8e87-4e04-8fd2-5ba9c7f08b68,1649751116649865737,466.385,505.652,0.0,9.0,,9080.045,209,712
1820,5d961e7c-0c11-4f4d-9e8d-6d6b64418092,57523974-8e87-4e04-8fd2-5ba9c7f08b68,1649751116681838737,471.487,511.501,0.0,9.0,,9112.018,225,713
1826,5d961e7c-0c11-4f4d-9e8d-6d6b64418092,57523974-8e87-4e04-8fd2-5ba9c7f08b68,1649751116710085737,481.485,514.989,0.0,9.0,,9140.265,239,714
1832,5d961e7c-0c11-4f4d-9e8d-6d6b64418092,57523974-8e87-4e04-8fd2-5ba9c7f08b68,1649751116741791737,482.316,509.676,0.0,9.0,,9171.971,242,708
1838,5d961e7c-0c11-4f4d-9e8d-6d6b64418092,57523974-8e87-4e04-8fd2-5ba9c7f08b68,1649751116770020737,479.349,499.797,0.0,9.0,,9200.2,550,565
1845,5d961e7c-0c11-4f4d-9e8d-6d6b64418092,57523974-8e87-4e04-8fd2-5ba9c7f08b68,1649751116805806737,514.335,505.464,0.0,10.0,,9235.986,534,719
1853,5d961e7c-0c11-4f4d-9e8d-6d6b64418092,57523974-8e87-4e04-8fd2-5ba9c7f08b68,1649751116845786737,501.302,512.282,0.0,10.0,,9275.966,518,735
1860,5d961e7c-0c11-4f4d-9e8d-6d6b64418092,57523974-8e87-4e04-8fd2-5ba9c7f08b68,1649751116881796737,508.743,515.151,0.0,10.0,,9311.976,63,188
1865,5d961e7c-0c11-4f4d-9e8d-6d6b64418092,57523974-8e87-4e04-8fd2-5ba9c7f08b68,1649751116905811737,505.59,514.121,0.0,10.0,,9335.991,59,187
1871,5d961e7c-0c11-4f4d-9e8d-6d6b64418092,57523974-8e87-4e04-8fd2-5ba9c7f08b68,1649751116937829737,488.601,505.329,0.0,10.0,,9368.009,1012,994
1879,5d961e7c-0c11-4f4d-9e8d-6d6b64418092,57523974-8e87-4e04-8fd2-5ba9c7f08b68,1649751116977906737,484.407,499.082,0.0,10.0,,9408.086,556,564
1886,5d961e7c-0c11-4f4d-9e8d-6d6b64418092,57523974-8e87-4e04-8fd2-5ba9c7f08b68,1649751117009799737,473.207,499.973,0.0,10.0,,9439.979,660,607
1893,5d961e7c-0c11-4f4d-9e8d-6d6b64418092,57523974-8e87-4e04-8fd2-5ba9c7f08b68,1649751117045803737,470.888,506.241,0.0,10.0,,9475.983,211,713
1900,5d961e7c-0c11-4f4d-9e8d-6d6b64418092,57523974-8e87-4e04-8fd2-5ba9c7f08b68,1649751117081802737,478.173,502.397,0.0,10.0,,9511.982,553,566
1906,5d961e7c-0c11-4f4d-9e8d-6d6b64418092,57523974-8e87-4e04-8fd2-5ba9c7f08b68,1649751117109868737,484.436,506.367,0.0,10.0,,9540.048,1010,995
1913,5d961e7c-0c11-4f4d-9e8d-6d6b64418092,57523974-8e87-4e04-8fd2-5ba9c7f08b68,1649751117145835737,489.202,509.633,0.0,10.0,,9576.015,1013,999
1920,5d961e7c-0c11-4f4d-9e8d-6d6b64418092,57523974-8e87-4e04-8fd2-5ba9c7f08b68,1649751117182458737,489.592,504.042,0.0,10.0,,9612.638,1030,955
1925,5d961e7c-0c11-4f4d-9e8d-6d6b64418092,57523974-8e87-4e04-8fd2-5ba9c7f08b68,1649751117205872737,482.423,509.443,0.0,10.0,,9636.052,1009,997
1933,5d961e7c-0c11-4f4d-9e8d-6d6b64418092,57523974-8e87-4e04-8fd2-5ba9c7f08b68,1649751117245792737,485.912,513.059,0.0,10.0,,9675.972,1012,1001
1940,5d961e7c-0c11-4f4d-9e8d-6d6b64418092,57523974-8e87-4e04-8fd2-5ba9c7f08b68,1649751117281791737,483.982,516.169,0.0,10.0,,9711.971,1011,1003
1945,5d961e7c-0c11-4f4d-9e8d-6d6b64418092,57523974-8e87-4e04-8fd2-5ba9c7f08b68,1649751117305788737,487.714,511.549,0.0,10.0,,9735.968,1013,1000
1951,5d961e7c-0c11-4f4d-9e8d-6d6b64418092,57523974-8e87-4e04-8fd2-5ba9c7f08b68,1649751117337778737,484.361,507.455,0.0,10.0,,9767.958,1011,995
1959,5d961e7c-0c11-4f4d-9e8d-6d6b64418092,57523974-8e87-4e04-8fd2-5ba9c7f08b68,1649751117377761737,487.532,507.731,0.0,10.0,,9807.941,1014,997
1966,5d961e7c-0c11-4f4d-9e8d-6d6b64418092,57523974-8e87-4e04-8fd2-5ba9c7f08b68,1649751117413802737,488.329,509.05,0.0,10.0,,9843.982,1014,998
1973,5d961e7c-0c11-4f4d-9e8d-6d6b64418092,57523974-8e87-4e04-8fd2-5ba9c7f08b68,1649751117445789737,485.865,514.693,0.0,10.0,,9875.969,1012,1004
1979,5d961e7c-0c11-4f4d-9e8d-6d6b64418092,57523974-8e87-4e04-8fd2-5ba9c7f08b68,1649751117477772737,483.239,514.62,0.0,10.0,,9907.952,1010,1003
1985,5d961e7c-0c11-4f4d-9e8d-6d6b64418092,57523974-8e87-4e04-8fd2-5ba9c7f08b68,1649751117505764737,475.907,511.41,0.0,10.0,,9935.944,239,710
1991,5d961e7c-0c11-4f4d-9e8d-6d6b64418092,57523974-8e87-4e04-8fd2-5ba9c7f08b68,1649751117537776737,491.802,504.39,0.0,10.0,,9967.956,1032,956
1998,5d961e7c-0c11-4f4d-9e8d-6d6b64418092,57523974-8e87-4e04-8fd2-5ba9c7f08b68,1649751117573809737,496.866,500.311,0.0,10.0,,10003.989,969,642
2006,5d961e7c-0c11-4f4d-9e8d-6d6b64418092,57523974-8e87-4e04-8fd2-5ba9c7f08b68,1649751117613816737,491.552,505.185,0.0,10.0,,10043.996,1032,957
2013,5d961e7c-0c11-4f4d-9e8d-6d6b64418092,57523974-8e87-4e04-8fd2-5ba9c7f08b68,1649751117645826737,496.828,507.041,0.0,10.0,,10076.006,969,649
2020,5d961e7c-0c11-4f4d-9e8d-6d6b64418092,57523974-8e87-4e04-8fd2-5ba9c7f08b68,1649751117681826737,483.646,500.678,0.0,10.0,,10112.006,1026,604
2026,5d961e7c-0c11-4f4d-9e8d-6d6b64418092,57523974-8e87-4e04-8fd2-5ba9c7f08b68,1649751117713785737,480.13,498.757,0.0,10.0,,10143.965,555,565
2033,5d961e7c-0c11-4f4d-9e8d-6d6b64418092,57523974-8e87-4e04-8fd2-5ba9c7f08b68,1649751117745865737,497.441,503.113,0.0,,,10176.045,969,645
2039,5d961e7c-0c11-4f4d-9e8d-6d6b64418092,57523974-8e87-4e04-8fd2-5ba9c7f08b68,1649751117777853737,463.276,503.822,0.0,11.0,,10208.033,207,712
2046,5d961e7c-0c11-4f4d-9e8d-6d6b64418092,57523974-8e87-4e04-8fd2-5ba9c7f08b68,1649751117813783737,467.646,507.671,0.0,11.0,,10243.963,216,714
2053,5d961e7c-0c11-4f4d-9e8d-6d6b64418092,57523974-8e87-4e04-8fd2-5ba9c7f08b68,1649751117845795737,462.583,508.105,0.0,11.0,,10275.975,766,654
2058,5d961e7c-0c11-4f4d-9e8d-6d6b64418092,57523974-8e87-4e04-8fd2-5ba9c7f08b68,1649751117873934737,470.114,508.3,0.0,11.0,,10304.114,230,710
2065,5d961e7c-0c11-4f4d-9e8d-6d6b64418092,57523974-8e87-4e04-8fd2-5ba9c7f08b68,1649751117905785737,483.359,507.642,0.0,11.0,,10335.965,1011,998
2071,5d961e7c-0c11-4f4d-9e8d-6d6b64418092,57523974-8e87-4e04-8fd2-5ba9c7f08b68,1649751117937749737,469.821,504.038,0.0,11.0,,10367.929,215,713
2078,5d961e7c-0c11-4f4d-9e8d-6d6b64418092,57523974-8e87-4e04-8fd2-5ba9c7f08b68,1649751117973805737,486.682,502.342,0.0,11.0,,10403.985,1029,955
2086,5d961e7c-0c11-4f4d-9e8d-6d6b64418092,57523974-8e87-4e04-8fd2-5ba9c7f08b68,1649751118013809737,489.993,494.033,0.0,11.0,,10443.989,556,566
2093,5d961e7c-0c11-4f4d-9e8d-6d6b64418092,57523974-8e87-4e04-8fd2-5ba9c7f08b68,1649751118045787737,493.879,492.968,0.0,11.0,,10475.967,560,565
2098,5d961e7c-0c11-4f4d-9e8d-6d6b64418092,57523974-8e87-4e04-8fd2-5ba9c7f08b68,1649751118073789737,487.172,491.581,0.0,11.0,,10503.969,554,563
2104,5d961e7c-0c11-4f4d-9e8d-6d6b64418092,57523974-8e87-4e04-8fd2-5ba9c7f08b68,1649751118101766737,480.189,498.32,0.0,11.0,,10531.946,555,564
2111,5d961e7c-0c11-4f4d-9e8d-6d6b64418092,57523974-8e87-4e04-8fd2-5ba9c7f08b68,1649751118137802737,485.233,499.686,0.0,11.0,,10567.982,559,566
2118,5d961e7c-0c11-4f4d-9e8d-6d6b64418092,57523974-8e87-4e04-8fd2-5ba9c7f08b68,1649751118173916737,492.314,501.749,0.0,11.0,,10604.096,204,428
2126,5d961e7c-0c11-4f4d-9e8d-6d6b64418092,57523974-8e87-4e04-8fd2-5ba9c7f08b68,1649751118213825737,481.997,504.036,0.0,11.0,,10644.005,1025,605
2133,5d961e7c-0c11-4f4d-9e8d-6d6b64418092,57523974-8e87-4e04-8fd2-5ba9c7f08b68,1649751118249923737,486.642,508.848,0.0,11.0,,10680.103,1012,997
2140,5d961e7c-0c11-4f4d-9e8d-6d6b64418092,57523974-8e87-4e04-8fd2-5ba9c7f08b68,1649751118281801737,488.742,504.264,0.0,11.0,,10711.981,1029,955
2146,5d961e7c-0c11-4f4d-9e8d-6d6b64418092,57523974-8e87-4e04-8fd2-5ba9c7f08b68,1649751118313789737,482.54,502.763,0.0,11.0,,10743.969,1025,605
2153,5d961e7c-0c11-4f4d-9e8d-6d6b64418092,57523974-8e87-4e04-8fd2-5ba9c7f08b68,1649751118349816737,502.588,499.107,0.0,11.0,,10779.996,974,641
2159,5d961e7c-0c11-4f4d-9e8d-6d6b64418092,57523974-8e87-4e04-8fd2-5ba9c7f08b68,1649751118377801737,502.951,503.578,0.0,11.0,,10807.981,972,648
2167,5d961e7c-0c11-4f4d-9e8d-6d6b64418092,57523974-8e87-4e04-8fd2-5ba9c7f08b68,1649751118417783737,503.075,505.423,0.0,11.0,,10847.963,972,650
2171,5d961e7c-0c11-4f4d-9e8d-6d6b64418092,57523974-8e87-4e04-8fd2-5ba9c7f08b68,1649751118437848737,500.02,506.973,0.0,11.0,,10868.028,970,652
2178,5d961e7c-0c11-4f4d-9e8d-6d6b64418092,57523974-8e87-4e04-8fd2-5ba9c7f08b68,1649751118473783737,489.466,507.206,0.0,11.0,,10903.963,1014,998
2185,5d961e7c-0c11-4f4d-9e8d-6d6b64418092,57523974-8e87-4e04-8fd2-5ba9c7f08b68,1649751118509820737,487.954,503.134,0.0,11.0,,10940.0,1014,995
2193,5d961e7c-0c11-4f4d-9e8d-6d6b64418092,57523974-8e87-4e04-8fd2-5ba9c7f08b68,1649751118549803737,488.42,503.314,0.0,11.0,,10979.983,1014,996
2200,5d961e7c-0c11-4f4d-9e8d-6d6b64418092,57523974-8e87-4e04-8fd2-5ba9c7f08b68,1649751118581808737,480.64,502.35,0.0,11.0,,11011.988,1009,995
2205,5d961e7c-0c11-4f4d-9e8d-6d6b64418092,57523974-8e87-4e04-8fd2-5ba9c7f08b68,1649751118609865737,482.817,505.731,0.0,11.0,,11040.045,1010,999
2211,5d961e7c-0c11-4f4d-9e8d-6d6b64418092,57523974-8e87-4e04-8fd2-5ba9c7f08b68,1649751118637791737,485.89,508.2,0.0,11.0,,11067.971,1011,1002
2218,5d961e7c-0c11-4f4d-9e8d-6d6b64418092,57523974-8e87-4e04-8fd2-5ba9c7f08b68,1649751118673784737,479.897,512.279,0.0,11.0,,11103.964,1009,1005
2226,5d961e7c-0c11-4f4d-9e8d-6d6b64418092,57523974-8e87-4e04-8fd2-5ba9c7f08b68,1649751118713807737,476.364,509.926,0.0,11.0,,11143.987,237,716
2231,5d961e7c-0c11-4f4d-9e8d-6d6b64418092,57523974-8e87-4e04-8fd2-5ba9c7f08b68,1649751118738242737,469.698,515.719,0.0,11.0,,11168.422,232,721
2238,5d961e7c-0c11-4f4d-9e8d-6d6b64418092,57523974-8e87-4e04-8fd2-5ba9c7f08b68,1649751118773774737,475.608,523.668,0.0,11.0,,11203.954,527,611
2246,5d961e7c-0c11-4f4d-9e8d-6d6b64418092,57523974-8e87-4e04-8fd2-5ba9c7f08b68,1649751118813800737,495.481,506.262,0.0,11.0,,11243.98,607,899
2253,5d961e7c-0c11-4f4d-9e8d-6d6b64418092,57523974-8e87-4e04-8fd2-5ba9c7f08b68,1649751118849813737,467.048,501.793,0.0,11.0,,11279.993,212,714
2259,5d961e7c-0c11-4f4d-9e8d-6d6b64418092,57523974-8e87-4e04-8fd2-5ba9c7f08b68,1649751118877779737,468.771,501.808,0.0,11.0,,11307.959,214,714
2267,5d961e7c-0c11-4f4d-9e8d-6d6b64418092,57523974-8e87-4e04-8fd2-5ba9c7f08b68,1649751118917836737,467.891,501.211,0.0,11.0,,11348.016,214,713
2272,5d961e7c-0c11-4f4d-9e8d-6d6b64418092,57523974-8e87-4e04-8fd2-5ba9c7f08b68,1649751118945820737,454.91,500.946,0.0,11.0,,11376.0,753,653
2280,5d961e7c-0c11-4f4d-9e8d-6d6b64418092,57523974-8e87-4e04-8fd2-5ba9c7f08b68,1649751118985832737,459.626,507.16,0.0,11.0,,11416.012,758,659
2285,5d961e7c-0c11-4f4d-9e8d-6d6b64418092,57523974-8e87-4e04-8fd2-5ba9c7f08b68,1649751119009867737,472.02,513.123,0.0,,,11440.047,231,719
2291,5d961e7c-0c11-4f4d-9e8d-6d6b64418092,57523974-8e87-4e04-8fd2-5ba9c7f08b68,1649751119037923737,497.729,511.078,0.0,,,11468.103,719,660
2298,5d961e7c-0c11-4f4d-9e8d-6d6b64418092,57523974-8e87-4e04-8fd2-5ba9c7f08b68,1649751119073870737,450.336,496.653,0.0,12.0,,11504.05,711,592
2305,5d961e7c-0c11-4f4d-9e8d-6d6b64418092,57523974-8e87-4e04-8fd2-5ba9c7f08b68,1649751119109774737,447.359,494.757,0.0,12.0,,11539.954,720,649
2312,5d961e7c-0c11-4f4d-9e8d-6d6b64418092,57523974-8e87-4e04-8fd2-5ba9c7f08b68,1649751119145866737,464.626,497.847,0.0,12.0,,11576.046,208,711
2320,5d961e7c-0c11-4f4d-9e8d-6d6b64418092,57523974-8e87-4e04-8fd2-5ba9c7f08b68,1649751119185775737,473.825,505.616,0.0,12.0,,11615.955,234,711
2324,5d961e7c-0c11-4f4d-9e8d-6d6b64418092,57523974-8e87-4e04-8fd2-5ba9c7f08b68,1649751119205805737,490.159,507.205,0.0,12.0,,11635.985,1014,1002
2331,5d961e7c-0c11-4f4d-9e8d-6d6b64418092,57523974-8e87-4e04-8fd2-5ba9c7f08b68,1649751119238042737,494.106,508.399,0.0,12.0,,11668.222,605,901
2340,5d961e7c-0c11-4f4d-9e8d-6d6b64418092,57523974-8e87-4e04-8fd2-5ba9c7f08b68,1649751119285777737,489.726,507.839,0.0,12.0,,11715.957,1015,1002
2346,5d961e7c-0c11-4f4d-9e8d-6d6b64418092,57523974-8e87-4e04-8fd2-5ba9c7f08b68,1649751119313790737,487.374,498.283,0.0,12.0,,11743.97,1029,955
2352,5d961e7c-0c11-4f4d-9e8d-6d6b64418092,57523974-8e87-4e04-8fd2-5ba9c7f08b68,1649751119345883737,492.061,496.163,0.0,12.0,,11776.063,1032,954
2359,5d961e7c-0c11-4f4d-9e8d-6d6b64418092,57523974-8e87-4e04-8fd2-5ba9c7f08b68,1649751119377784737,493.335,497.118,0.0,12.0,,11807.964,1034,955
2366,5d961e7c-0c11-4f4d-9e8d-6d6b64418092,57523974-8e87-4e04-8fd2-5ba9c7f08b68,1649751119413791737,498.118,503.645,0.0,12.0,,11843.971,704,508
2372,5d961e7c-0c11-4f4d-9e8d-6d6b64418092,57523974-8e87-4e04-8fd2-5ba9c7f08b68,1649751119445804737,498.807,504.669,0.0,12.0,,11875.984,812,689
2380,5d961e7c-0c11-4f4d-9e8d-6d6b64418092,57523974-8e87-4e04-8fd2-5ba9c7f08b68,1649751119485816737,504.66,508.446,0.0,12.0,,11915.996,820,694
2385,5d961e7c-0c11-4f4d-9e8d-6d6b64418092,57523974-8e87-4e04-8fd2-5ba9c7f08b68,1649751119509797737,505.074,507.185,0.0,,,11939.977,904,1055
2392,5d961e7c-0c11-4f4d-9e8d-6d6b64418092,57523974-8e87-4e04-8fd2-5ba9c7f08b68,1649751119546049737,540.28,508.711,0.0,13.0,,11976.229,614,605
2400,5d961e7c-0c11-4f4d-9e8d-6d6b64418092,57523974-8e87-4e04-8fd2-5ba9c7f08b68,1649751119585796737,543.599,525.912,0.0,13.0,,12015.976,618,622
2404,5d961e7c-0c11-4f4d-9e8d-6d6b64418092,57523974-8e87-4e04-8fd2-5ba9c7f08b68,1649751119605835737,531.463,522.89,0.0,13.0,,12036.015,605,619
2410,5d961e7c-0c11-4f4d-9e8d-6d6b64418092,57523974-8e87-4e04-8fd2-5ba9c7f08b68,1649751119633757737,529.12,524.177,0.0,13.0,,12063.937,603,620
2418,5d961e7c-0c11-4f4d-9e8d-6d6b64418092,57523974-8e87-4e04-8fd2-5ba9c7f08b68,1649751119673731737,533.623,529.974,0.0,13.0,,12103.911,609,625
2426,5d961e7c-0c11-4f4d-9e8d-6d6b64418092,57523974-8e87-4e04-8fd2-5ba9c7f08b68,1649751119713797737,525.65,515.158,0.0,13.0,,12143.977,720,205
2432,5d961e7c-0c11-4f4d-9e8d-6d6b64418092,57523974-8e87-4e04-8fd2-5ba9c7f08b68,1649751119745796737,523.816,503.259,0.0,13.0,,12175.976,923,1055
2438,5d961e7c-0c11-4f4d-9e8d-6d6b64418092,57523974-8e87-4e04-8fd2-5ba9c7f08b68,1649751119773788737,534.11,509.068,0.0,13.0,,12203.968,610,603
2444,5d961e7c-0c11-4f4d-9e8d-6d6b64418092,57523974-8e87-4e04-8fd2-5ba9c7f08b68,1649751119805767737,532.593,513.295,0.0,13.0,,12235.947,608,608
2452,5d961e7c-0c11-4f4d-9e8d-6d6b64418092,57523974-8e87-4e04-8fd2-5ba9c7f08b68,1649751119845800737,520.939,512.288,0.0,13.0,,12275.98,635,452
2459,5d961e7c-0c11-4f4d-9e8d-6d6b64418092,57523974-8e87-4e04-8fd2-5ba9c7f08b68,1649751119881791737,528.453,506.508,0.0,13.0,,12311.971,641,447
2466,5d961e7c-0c11-4f4d-9e8d-6d6b64418092,57523974-8e87-4e04-8fd2-5ba9c7f08b68,1649751119913816737,547.045,526.831,0.0,,,12343.996,628,623
2472,5d961e7c-0c11-4f4d-9e8d-6d6b64418092,57523974-8e87-4e04-8fd2-5ba9c7f08b68,1649751119945779737,564.569,550.201,0.0,14.0,,12375.959,639,657
2479,5d961e7c-0c11-4f4d-9e8d-6d6b64418092,57523974-8e87-4e04-8fd2-5ba9c7f08b68,1649751119981749737,570.34,546.137,0.0,14.0,,12411.929,643,654
2486,5d961e7c-0c11-4f4d-9e8d-6d6b64418092,57523974-8e87-4e04-8fd2-5ba9c7f08b68,1649751120013793737,570.503,547.516,0.0,14.0,,12443.973,643,657
2491,5d961e7c-0c11-4f4d-9e8d-6d6b64418092,57523974-8e87-4e04-8fd2-5ba9c7f08b68,1649751120041842737,567.143,546.829,0.0,14.0,,12472.022,640,656
2498,5d961e7c-0c11-4f4d-9e8d-6d6b64418092,57523974-8e87-4e04-8fd2-5ba9c7f08b68,1649751120073795737,559.178,542.291,0.0,14.0,,12503.975,631,652
2506,5d961e7c-0c11-4f4d-9e8d-6d6b64418092,57523974-8e87-4e04-8fd2-5ba9c7f08b68,1649751120113814737,534.145,537.149,0.0,14.0,,12543.994,727,233
2512,5d961e7c-0c11-4f4d-9e8d-6d6b64418092,57523974-8e87-4e04-8fd2-5ba9c7f08b68,1649751120145743737,541.779,538.988,0.0,14.0,,12575.923,628,636
2518,5d961e7c-0c11-4f4d-9e8d-6d6b64418092,57523974-8e87-4e04-8fd2-5ba9c7f08b68,1649751120173823737,536.329,539.776,0.0,14.0,,12604.003,621,637
2524,5d961e7c-0c11-4f4d-9e8d-6d6b64418092,57523974-8e87-4e04-8fd2-5ba9c7f08b68,1649751120205870737,532.546,536.668,0.0,14.0,,12636.05,725,232
2530,5d961e7c-0c11-4f4d-9e8d-6d6b64418092,57523974-8e87-4e04-8fd2-5ba9c7f08b68,1649751120233781737,528.371,534.142,0.0,14.0,,12663.961,719,227
2538,5d961e7c-0c11-4f4d-9e8d-6d6b64418092,57523974-8e87-4e04-8fd2-5ba9c7f08b68,1649751120273808737,532.395,526.516,0.0,14.0,,12703.988,606,625
2546,5d961e7c-0c11-4f4d-9e8d-6d6b64418092,57523974-8e87-4e04-8fd2-5ba9c7f08b68,1649751120313787737,544.182,520.741,0.0,14.0,,12743.967,619,619
2550,5d961e7c-0c11-4f4d-9e8d-6d6b64418092,57523974-8e87-4e04-8fd2-5ba9c7f08b68,1649751120333822737,535.4,521.175,0.0,14.0,,12764.002,609,619
2557,5d961e7c-0c11-4f4d-9e8d-6d6b64418092,57523974-8e87-4e04-8fd2-5ba9c7f08b68,1649751120369777737,543.363,509.457,0.0,14.0,,12799.957,625,605
2564,5d961e7c-0c11-4f4d-9e8d-6d6b64418092,57523974-8e87-4e04-8fd2-5ba9c7f08b68,1649751120405782737,544.81,503.484,0.0,14.0,,12835.962,626,599
2571,5d961e7c-0c11-4f4d-9e8d-6d6b64418092,57523974-8e87-4e04-8fd2-5ba9c7f08b68,1649751120441860737,549.3,504.532,0.0,14.0,,12872.04,630,602
2578,5d961e7c-0c11-4f4d-9e8d-6d6b64418092,57523974-8e87-4e04-8fd2-5ba9c7f08b68,1649751120477829737,547.287,509.712,0.0,14.0,,12908.009,629,606
2587,5d961e7c-0c11-4f4d-9e8d-6d6b64418092,57523974-8e87-4e04-8fd2-5ba9c7f08b68,1649751120521804737,514.962,526.348,0.0,15.0,,12951.984,648,646
2591,5d961e7c-0c11-4f4d-9e8d-6d6b64418092,57523974-8e87-4e04-8fd2-5ba9c7f08b68,1649751120541807737,515.816,525.124,0.0,15.0,,12971.987,648,646
2598,5d961e7c-0c11-4f4d-9e8d-6d6b64418092,57523974-8e87-4e04-8fd2-5ba9c7f08b68,1649751120577777737,524.827,528.828,0.0,15.0,,13007.957,601,626
2606,5d961e7c-0c11-4f4d-9e8d-6d6b64418092,57523974-8e87-4e04-8fd2-5ba9c7f08b68,1649751120617838737,524.177,517.256,0.0,15.0,,13048.018,717,209
2613,5d961e7c-0c11-4f4d-9e8d-6d6b64418092,57523974-8e87-4e04-8fd2-5ba9c7f08b68,1649751120649815737,524.306,514.383,0.0,15.0,,13079.995,718,207
2618,5d961e7c-0c11-4f4d-9e8d-6d6b64418092,57523974-8e87-4e04-8fd2-5ba9c7f08b68,1649751120677776737,522.679,509.868,0.0,15.0,,13107.956,597,609
2626,5d961e7c-0c11-4f4d-9e8d-6d6b64418092,57523974-8e87-4e04-8fd2-5ba9c7f08b68,1649751120717776737,530.205,507.919,0.0,15.0,,13147.956,605,607
2632,5d961e7c-0c11-4f4d-9e8d-6d6b64418092,57523974-8e87-4e04-8fd2-5ba9c7f08b68,1649751120745826737,529.922,505.226,0.0,15.0,,13176.006,606,603
2637,5d961e7c-0c11-4f4d-9e8d-6d6b64418092,57523974-8e87-4e04-8fd2-5ba9c7f08b68,1649751120769781737,519.4,505.723,0.0,15.0,,13199.961,710,888
2644,5d961e7c-0c11-4f4d-9e8d-6d6b64418092,57523974-8e87-4e04-8fd2-5ba9c7f08b68,1649751120805790737,527.546,504.372,0.0,15.0,,13235.97,641,447
2650,5d961e7c-0c11-4f4d-9e8d-6d6b64418092,57523974-8e87-4e04-8fd2-5ba9c7f08b68,1649751120837749737,524.658,504.366,0.0,15.0,,13267.929,638,447
2658,5d961e7c-0c11-4f4d-9e8d-6d6b64418092,57523974-8e87-4e04-8fd2-5ba9c7f08b68,1649751120877778737,522.233,503.468,0.0,15.0,,13307.958,635,445
2664,5d961e7c-0c11-4f4d-9e8d-6d6b64418092,57523974-8e87-4e04-8fd2-5ba9c7f08b68,1649751120905844737,549.206,508.378,0.0,15.0,,13336.024,629,606
2670,5d961e7c-0c11-4f4d-9e8d-6d6b64418092,57523974-8e87-4e04-8fd2-5ba9c7f08b68,1649751120937803737,546.421,512.466,0.0,15.0,,13367.983,626,610
2677,5d961e7c-0c11-4f4d-9e8d-6d6b64418092,57523974-8e87-4e04-8fd2-5ba9c7f08b68,1649751120969834737,547.281,511.642,0.0,15.0,,13400.014,627,610
2684,5d961e7c-0c11-4f4d-9e8d-6d6b64418092,57523974-8e87-4e04-8fd2-5ba9c7f08b68,1649751121005800737,543.349,514.517,0.0,15.0,,13435.98,621,613
2692,5d961e7c-0c11-4f4d-9e8d-6d6b64418092,57523974-8e87-4e04-8fd2-5ba9c7f08b68,1649751121045800737,537.03,511.758,0.0,15.0,,13475.98,727,208
2698,5d961e7c-0c11-4f4d-9e8d-6d6b64418092,57523974-8e87-4e04-8fd2-5ba9c7f08b68,1649751121077799737,542.842,511.229,0.0,15.0,,13507.979,622,609
2705,5d961e7c-0c11-4f4d-9e8d-6d6b64418092,57523974-8e87-4e04-8fd2-5ba9c7f08b68,1649751121109874737,546.398,510.176,0.0,15.0,,13540.054,625,608
2711,5d961e7c-0c11-4f4d-9e8d-6d6b64418092,57523974-8e87-4e04-8fd2-5ba9c7f08b68,1649751121141790737,548.454,509.784,0.0,15.0,,13571.97,627,608
2718,5d961e7c-0c11-4f4d-9e8d-6d6b64418092,57523974-8e87-4e04-8fd2-5ba9c7f08b68,1649751121177806737,547.823,509.974,0.0,15.0,,13607.986,627,608
2725,5d961e7c-0c11-4f4d-9e8d-6d6b64418092,57523974-8e87-4e04-8fd2-5ba9c7f08b68,1649751121213804737,543.036,517.355,0.0,15.0,,13643.984,619,615
2732,5d961e7c-0c11-4f4d-9e8d-6d6b64418092,57523974-8e87-4e04-8fd2-5ba9c7f08b68,1649751121245778737,548.356,516.604,0.0,15.0,,13675.958,625,615
2738,5d961e7c-0c11-4f4d-9e8d-6d6b64418092,57523974-8e87-4e04-8fd2-5ba9c7f08b68,1649751121277802737,550.86,518.085,0.0,15.0,,13707.982,628,615
2745,5d961e7c-0c11-4f4d-9e8d-6d6b64418092,57523974-8e87-4e04-8fd2-5ba9c7f08b68,1649751121313812737,554.919,507.463,0.0,15.0,,13743.992,634,604
2750,5d961e7c-0c11-4f4d-9e8d-6d6b64418092,57523974-8e87-4e04-8fd2-5ba9c7f08b68,1649751121337856737,555.706,506.316,0.0,,,13768.036,635,603
2756,5d961e7c-0c11-4f4d-9e8d-6d6b64418092,57523974-8e87-4e04-8fd2-5ba9c7f08b68,1649751121365908737,515.976,534.646,0.0,16.0,,13796.088,883,1042
2764,5d961e7c-0c11-4f4d-9e8d-6d6b64418092,57523974-8e87-4e04-8fd2-5ba9c7f08b68,1649751121405828737,509.472,533.726,0.0,16.0,,13836.008,645,648
2772,5d961e7c-0c11-4f4d-9e8d-6d6b64418092,57523974-8e87-4e04-8fd2-5ba9c7f08b68,1649751121445844737,495.386,534.348,0.0,16.0,,13876.024,579,756
2779,5d961e7c-0c11-4f4d-9e8d-6d6b64418092,57523974-8e87-4e04-8fd2-5ba9c7f08b68,1649751121481791737,488.634,527.254,0.0,16.0,,13911.971,573,749
2784,5d961e7c-0c11-4f4d-9e8d-6d6b64418092,57523974-8e87-4e04-8fd2-5ba9c7f08b68,1649751121505802737,471.16,530.841,0.0,16.0,,13935.982,526,615
2789,5d961e7c-0c11-4f4d-9e8d-6d6b64418092,57523974-8e87-4e04-8fd2-5ba9c7f08b68,1649751121533855737,475.973,528.13,0.0,16.0,,13964.035,572,743
2797,5d961e7c-0c11-4f4d-9e8d-6d6b64418092,57523974-8e87-4e04-8fd2-5ba9c7f08b68,1649751121573930737,492.962,533.524,0.0,16.0,,14004.11,578,756
2804,5d961e7c-0c11-4f4d-9e8d-6d6b64418092,57523974-8e87-4e04-8fd2-5ba9c7f08b68,1649751121605802737,484.345,524.659,0.0,16.0,,14035.982,572,745
2812,5d961e7c-0c11-4f4d-9e8d-6d6b64418092,57523974-8e87-4e04-8fd2-5ba9c7f08b68,1649751121645820737,498.123,530.662,0.0,16.0,,14076.0,581,755
2817,5d961e7c-0c11-4f4d-9e8d-6d6b64418092,57523974-8e87-4e04-8fd2-5ba9c7f08b68,1649751121673827737,498.747,537.102,0.0,16.0,,14104.007,1011,400
2825,5d961e7c-0c11-4f4d-9e8d-6d6b64418092,57523974-8e87-4e04-8fd2-5ba9c7f08b68,1649751121713812737,503.674,543.55,0.0,16.0,,14143.992,577,729
2831,5d961e7c-0c11-4f4d-9e8d-6d6b64418092,57523974-8e87-4e04-8fd2-5ba9c7f08b68,1649751121741813737,494.001,542.569,0.0,16.0,,14171.993,533,596
2838,5d961e7c-0c11-4f4d-9e8d-6d6b64418092,57523974-8e87-4e04-8fd2-5ba9c7f08b68,1649751121777806737,486.416,542.294,0.0,16.0,,14207.986,486,652
2845,5d961e7c-0c11-4f4d-9e8d-6d6b64418092,57523974-8e87-4e04-8fd2-5ba9c7f08b68,1649751121813819737,491.815,538.059,0.0,16.0,,14243.999,583,758
2852,5d961e7c-0c11-4f4d-9e8d-6d6b64418092,57523974-8e87-4e04-8fd2-5ba9c7f08b68,1649751121845901737,493.076,539.081,0.0,16.0,,14276.081,532,593
2858,5d961e7c-0c11-4f4d-9e8d-6d6b64418092,57523974-8e87-4e04-8fd2-5ba9c7f08b68,1649751121877798737,489.115,536.311,0.0,16.0,,14307.978,580,756
2865,5d961e7c-0c11-4f4d-9e8d-6d6b64418092,57523974-8e87-4e04-8fd2-5ba9c7f08b68,1649751121913854737,486.184,537.393,0.0,16.0,,14344.034,579,756
2870,5d961e7c-0c11-4f4d-9e8d-6d6b64418092,57523974-8e87-4e04-8fd2-5ba9c7f08b68,1649751121937808737,497.052,535.497,0.0,16.0,,14367.988,582,759
2876,5d961e7c-0c11-4f4d-9e8d-6d6b64418092,57523974-8e87-4e04-8fd2-5ba9c7f08b68,1649751121969742737,493.791,533.759,0.0,16.0,,14399.922,579,758
2884,5d961e7c-0c11-4f4d-9e8d-6d6b64418092,57523974-8e87-4e04-8fd2-5ba9c7f08b68,1649751122009787737,477.149,523.819,0.0,16.0,,14439.967,572,741
2891,5d961e7c-0c11-4f4d-9e8d-6d6b64418092,57523974-8e87-4e04-8fd2-5ba9c7f08b68,1649751122041840737,483.052,520.542,0.0,16.0,,14472.02,573,741
2896,5d961e7c-0c11-4f4d-9e8d-6d6b64418092,57523974-8e87-4e04-8fd2-5ba9c7f08b68,1649751122069903737,481.442,517.41,0.0,16.0,,14500.083,679,601
2903,5d961e7c-0c11-4f4d-9e8d-6d6b64418092,57523974-8e87-4e04-8fd2-5ba9c7f08b68,1649751122101791737,478.947,516.515,0.0,16.0,,14531.971,1012,1007
2910,5d961e7c-0c11-4f4d-9e8d-6d6b64418092,57523974-8e87-4e04-8fd2-5ba9c7f08b68,1649751122137803737,461.545,514.261,0.0,16.0,,14567.983,231,715
2916,5d961e7c-0c11-4f4d-9e8d-6d6b64418092,57523974-8e87-4e04-8fd2-5ba9c7f08b68,1649751122169877737,466.147,525.692,0.0,16.0,,14600.057,583,730
2924,5d961e7c-0c11-4f4d-9e8d-6d6b64418092,57523974-8e87-4e04-8fd2-5ba9c7f08b68,1649751122209810737,468.416,529.538,0.0,16.0,,14639.99,527,614
2931,5d961e7c-0c11-4f4d-9e8d-6d6b64418092,57523974-8e87-4e04-8fd2-5ba9c7f08b68,1649751122242060737,498.785,533.595,0.0,16.0,,14672.24,642,646
2937,5d961e7c-0c11-4f4d-9e8d-6d6b64418092,57523974-8e87-4e04-8fd2-5ba9c7f08b68,1649751122273785737,498.293,535.967,0.0,16.0,,14703.965,500,647
2945,5d961e7c-0c11-4f4d-9e8d-6d6b64418092,57523974-8e87-4e04-8fd2-5ba9c7f08b68,1649751122313789737,493.655,532.258,0.0,16.0,,14743.969,581,755
2951,5d961e7c-0c11-4f4d-9e8d-6d6b64418092,57523974-8e87-4e04-8fd2-5ba9c7f08b68,1649751122341731737,484.603,532.518,0.0,16.0,,14771.911,577,752
2959,5d961e7c-0c11-4f4d-9e8d-6d6b64418092,57523974-8e87-4e04-8fd2-5ba9c7f08b68,1649751122381852737,470.322,542.276,0.0,16.0,,14812.032,518,631
2965,5d961e7c-0c11-4f4d-9e8d-6d6b64418092,57523974-8e87-4e04-8fd2-5ba9c7f08b68,1649751122413874737,488.209,538.965,0.0,16.0,,14844.054,582,758
2972,5d961e7c-0c11-4f4d-9e8d-6d6b64418092,57523974-8e87-4e04-8fd2-5ba9c7f08b68,1649751122449864737,501.378,537.252,0.0,16.0,,14880.044,644,649
2978,5d961e7c-0c11-4f4d-9e8d-6d6b64418092,57523974-8e87-4e04-8fd2-5ba9c7f08b68,1649751122477753737,502.41,545.491,0.0,16.0,,14907.933,579,729
2983,5d961e7c-0c11-4f4d-9e8d-6d6b64418092,57523974-8e87-4e04-8fd2-5ba9c7f08b68,1649751122501753737,500.437,542.762,0.0,16.0,,14931.933,578,727
2990,5d961e7c-0c11-4f4d-9e8d-6d6b64418092,57523974-8e87-4e04-8fd2-5ba9c7f08b68,1649751122537810737,501.439,525.178,0.0,16.0,,14967.99,646,637
2996,5d961e7c-0c11-4f4d-9e8d-6d6b64418092,57523974-8e87-4e04-8fd2-5ba9c7f08b68,1649751122569775737,514.94,534.472,0.0,16.0,,14999.955,621,702
3004,5d961e7c-0c11-4f4d-9e8d-6d6b64418092,57523974-8e87-4e04-8fd2-5ba9c7f08b68,1649751122609780737,508.032,528.178,0.0,16.0,,15039.96,647,646
3010,5d961e7c-0c11-4f4d-9e8d-6d6b64418092,57523974-8e87-4e04-8fd2-5ba9c7f08b68,1649751122637790737,509.996,527.765,0.0,16.0,,15067.97,594,620
3016,5d961e7c-0c11-4f4d-9e8d-6d6b64418092,57523974-8e87-4e04-8fd2-5ba9c7f08b68,1649751122669804737,514.621,522.408,0.0,16.0,,15099.984,719,208
3023,5d961e7c-0c11-4f4d-9e8d-6d6b64418092,57523974-8e87-4e04-8fd2-5ba9c7f08b68,1649751122705778737,514.838,526.989,0.0,16.0,,15135.958,601,618
3030,5d961e7c-0c11-4f4d-9e8d-6d6b64418092,57523974-8e87-4e04-8fd2-5ba9c7f08b68,1649751122737906737,517.352,540.346,0.0,16.0,,15168.086,606,629
3038,5d961e7c-0c11-4f4d-9e8d-6d6b64418092,57523974-8e87-4e04-8fd2-5ba9c7f08b68,1649751122777838737,516.199,546.464,0.0,16.0,,15208.018,723,231
3044,5d961e7c-0c11-4f4d-9e8d-6d6b64418092,57523974-8e87-4e04-8fd2-5ba9c7f08b68,1649751122809830737,523.117,554.289,0.0,16.0,,15240.01,554,714
3052,5d961e7c-0c11-4f4d-9e8d-6d6b64418092,57523974-8e87-4e04-8fd2-5ba9c7f08b68,1649751122849794737,506.739,555.084,0.0,16.0,,15279.974,544,711
3058,5d961e7c-0c11-4f4d-9e8d-6d6b64418092,57523974-8e87-4e04-8fd2-5ba9c7f08b68,1649751122877854737,500.14,553.613,0.0,16.0,,15308.034,932,745
3065,5d961e7c-0c11-4f4d-9e8d-6d6b64418092,57523974-8e87-4e04-8fd2-5ba9c7f08b68,1649751122913810737,518.865,552.487,0.0,16.0,,15343.99,623,639
3071,5d961e7c-0c11-4f4d-9e8d-6d6b64418092,57523974-8e87-4e04-8fd2-5ba9c7f08b68,1649751122945788737,520.806,550.216,0.0,16.0,,15375.968,625,637
3078,5d961e7c-0c11-4f4d-9e8d-6d6b64418092,57523974-8e87-4e04-8fd2-5ba9c7f08b68,1649751122977787737,519.528,556.812,0.0,16.0,,15407.967,554,716
3084,5d961e7c-0c11-4f4d-9e8d-6d6b64418092,57523974-8e87-4e04-8fd2-5ba9c7f08b68,1649751123009820737,507.658,550.016,0.0,16.0,,15440.0,568,595
3092,5d961e7c-0c11-4f4d-9e8d-6d6b64418092,57523974-8e87-4e04-8fd2-5ba9c7f08b68,1649751123049819737,510.558,552.356,0.0,16.0,,15479.999,549,709
3096,5d961e7c-0c11-4f4d-9e8d-6d6b64418092,57523974-8e87-4e04-8fd2-5ba9c7f08b68,1649751123069972737,511.371,541.22,0.0,16.0,,15500.152,720,226
3102,5d961e7c-0c11-4f4d-9e8d-6d6b64418092,57523974-8e87-4e04-8fd2-5ba9c7f08b68,1649751123097817737,519.118,530.668,0.0,16.0,,15527.997,613,622
3110,5d961e7c-0c11-4f4d-9e8d-6d6b64418092,57523974-8e87-4e04-8fd2-5ba9c7f08b68,1649751123137835737,511.788,526.802,0.0,16.0,,15568.015,606,618
3118,5d961e7c-0c11-4f4d-9e8d-6d6b64418092,57523974-8e87-4e04-8fd2-5ba9c7f08b68,1649751123177754737,523.265,533.35,0.0,16.0,,15607.934,617,625
3123,5d961e7c-0c11-4f4d-9e8d-6d6b64418092,57523974-8e87-4e04-8fd2-5ba9c7f08b68,1649751123205804737,527.339,548.341,0.0,16.0,,15635.984,632,639
3130,5d961e7c-0c11-4f4d-9e8d-6d6b64418092,57523974-8e87-4e04-8fd2-5ba9c7f08b68,1649751123237829737,523.279,560.529,0.0,,,15668.009,627,654
3136,5d961e7c-0c11-4f4d-9e8d-6d6b64418092,57523974-8e87-4e04-8fd2-5ba9c7f08b68,1649751123269800737,554.019,596.676,0.0,,,15699.98,634,715
3143,5d961e7c-0c11-4f4d-9e8d-6d6b64418092,57523974-8e87-4e04-8fd2-5ba9c7f08b68,1649751123305860737,623.558,588.915,0.0,,,15736.04,728,708
3152,5d961e7c-0c11-4f4d-9e8d-6d6b64418092,57523974-8e87-4e04-8fd2-5ba9c7f08b68,1649751123349826737,587.491,542.971,0.0,,,15780.006,685,651
3157,5d961e7c-0c11-4f4d-9e8d-6d6b64418092,57523974-8e87-4e04-8fd2-5ba9c7f08b68,1649751123373887737,570.315,521.744,0.0,17.0,,15804.067,650,622
3163,5d961e7c-0c11-4f4d-9e8d-6d6b64418092,57523974-8e87-4e04-8fd2-5ba9c7f08b68,1649751123405816737,553.631,527.713,0.0,17.0,,15835.996,648,623
3171,5d961e7c-0c11-4f4d-9e8d-6d6b64418092,57523974-8e87-4e04-8fd2-5ba9c7f08b68,1649751123445842737,567.268,534.208,0.0,17.0,,15876.022,531,588
3177,5d961e7c-0c11-4f4d-9e8d-6d6b64418092,57523974-8e87-4e04-8fd2-5ba9c7f08b68,1649751123473860737,611.519,530.277,0.0,,,15904.04,661,596
3184,5d961e7c-0c11-4f4d-9e8d-6d6b64418092,57523974-8e87-4e04-8fd2-5ba9c7f08b68,1649751123509826737,600.025,532.194,0.0,,,15940.006,570,30
3191,5d961e7c-0c11-4f4d-9e8d-6d6b64418092,57523974-8e87-4e04-8fd2-5ba9c7f08b68,1649751123545784737,523.022,585.169,0.0,,,15975.964,630,678
3198,5d961e7c-0c11-4f4d-9e8d-6d6b64418092,57523974-8e87-4e04-8fd2-5ba9c7f08b68,1649751123581778737,505.658,611.708,0.0,18.0,,16011.958,562,736
3204,5d961e7c-0c11-4f4d-9e8d-6d6b64418092,57523974-8e87-4e04-8fd2-5ba9c7f08b68,1649751123609852737,501.218,617.546,0.0,18.0,,16040.032,560,740
3210,5d961e7c-0c11-4f4d-9e8d-6d6b64418092,57523974-8e87-4e04-8fd2-5ba9c7f08b68,1649751123641844737,489.726,622.499,0.0,18.0,,16072.024,553,741
3216,5d961e7c-0c11-4f4d-9e8d-6d6b64418092,57523974-8e87-4e04-8fd2-5ba9c7f08b68,1649751123669802737,477.438,627.43,0.0,18.0,,16099.982,542,744
3222,5d961e7c-0c11-4f4d-9e8d-6d6b64418092,57523974-8e87-4e04-8fd2-5ba9c7f08b68,1649751123701793737,486.232,611.636,0.0,18.0,,16131.973,551,731
3230,5d961e7c-0c11-4f4d-9e8d-6d6b64418092,57523974-8e87-4e04-8fd2-5ba9c7f08b68,1649751123741793737,521.432,618.737,0.0,19.0,,16171.973,606,735
3237,5d961e7c-0c11-4f4d-9e8d-6d6b64418092,57523974-8e87-4e04-8fd2-5ba9c7f08b68,1649751123773789737,524.339,615.972,0.0,19.0,,16203.969,614,730
3242,5d961e7c-0c11-4f4d-9e8d-6d6b64418092,57523974-8e87-4e04-8fd2-5ba9c7f08b68,1649751123801821737,533.317,619.078,0.0,19.0,,16232.001,626,733
3249,5d961e7c-0c11-4f4d-9e8d-6d6b64418092,57523974-8e87-4e04-8fd2-5ba9c7f08b68,1649751123833804737,537.375,616.847,0.0,19.0,,16263.984,630,733
3256,5d961e7c-0c11-4f4d-9e8d-6d6b64418092,57523974-8e87-4e04-8fd2-5ba9c7f08b68,1649751123869967737,535.764,608.379,0.0,19.0,,16300.147,629,726
3264,5d961e7c-0c11-4f4d-9e8d-6d6b64418092,57523974-8e87-4e04-8fd2-5ba9c7f08b68,1649751123909782737,537.148,610.054,0.0,19.0,,16339.962,631,728
3270,5d961e7c-0c11-4f4d-9e8d-6d6b64418092,57523974-8e87-4e04-8fd2-5ba9c7f08b68,1649751123941817737,520.673,616.212,0.0,19.0,,16371.997,618,730
3277,5d961e7c-0c11-4f4d-9e8d-6d6b64418092,57523974-8e87-4e04-8fd2-5ba9c7f08b68,1649751123973820737,520.826,607.089,0.0,19.0,,16404.0,619,720
3284,5d961e7c-0c11-4f4d-9e8d-6d6b64418092,57523974-8e87-4e04-8fd2-5ba9c7f08b68,1649751124009789737,525.409,613.453,0.0,19.0,,16439.969,624,727
3290,5d961e7c-0c11-4f4d-9e8d-6d6b64418092,57523974-8e87-4e04-8fd2-5ba9c7f08b68,1649751124041782737,519.514,617.0,0.0,19.0,,16471.962,620,731
3296,5d961e7c-0c11-4f4d-9e8d-6d6b64418092,57523974-8e87-4e04-8fd2-5ba9c7f08b68,1649751124069835737,509.608,609.755,0.0,19.0,,16500.015,605,727
3304,5d961e7c-0c11-4f4d-9e8d-6d6b64418092,57523974-8e87-4e04-8fd2-5ba9c7f08b68,1649751124109817737,529.572,615.51,0.0,19.0,,16539.997,631,732
3310,5d961e7c-0c11-4f4d-9e8d-6d6b64418092,57523974-8e87-4e04-8fd2-5ba9c7f08b68,1649751124141823737,534.647,613.102,0.0,19.0,,16572.003,635,731
3318,5d961e7c-0c11-4f4d-9e8d-6d6b64418092,57523974-8e87-4e04-8fd2-5ba9c7f08b68,1649751124181822737,529.374,616.362,0.0,19.0,,16612.002,632,732
3323,5d961e7c-0c11-4f4d-9e8d-6d6b64418092,57523974-8e87-4e04-8fd2-5ba9c7f08b68,1649751124205767737,526.199,613.319,0.0,19.0,,16635.947,629,730
3329,5d961e7c-0c11-4f4d-9e8d-6d6b64418092,57523974-8e87-4e04-8fd2-5ba9c7f08b68,1649751124237854737,514.908,597.176,0.0,19.0,,16668.034,635,700
3336,5d961e7c-0c11-4f4d-9e8d-6d6b64418092,57523974-8e87-4e04-8fd2-5ba9c7f08b68,1649751124269834737,521.695,593.046,0.0,19.0,,16700.014,628,708
3342,5d961e7c-0c11-4f4d-9e8d-6d6b64418092,57523974-8e87-4e04-8fd2-5ba9c7f08b68,1649751124301817737,522.884,602.149,0.0,19.0,,16731.997,631,718
3351,5d961e7c-0c11-4f4d-9e8d-6d6b64418092,57523974-8e87-4e04-8fd2-5ba9c7f08b68,1649751124345784737,546.633,602.379,0.0,19.0,,16775.964,650,727
3357,5d961e7c-0c11-4f4d-9e8d-6d6b64418092,57523974-8e87-4e04-8fd2-5ba9c7f08b68,1649751124377808737,547.076,602.039,0.0,19.0,,16807.988,651,727
3362,5d961e7c-0c11-4f4d-9e8d-6d6b64418092,57523974-8e87-4e04-8fd2-5ba9c7f08b68,1649751124401755737,545.507,608.055,0.0,,,16831.935,652,732
3369,5d961e7c-0c11-4f4d-9e8d-6d6b64418092,57523974-8e87-4e04-8fd2-5ba9c7f08b68,1649751124437788737,493.271,596.271,0.0,,,16867.968,591,716
3377,5d961e7c-0c11-4f4d-9e8d-6d6b64418092,57523974-8e87-4e04-8fd2-5ba9c7f08b68,1649751124477783737,475.871,566.728,0.0,20.0,,16907.963,822,705
3384,5d961e7c-0c11-4f4d-9e8d-6d6b64418092,57523974-8e87-4e04-8fd2-5ba9c7f08b68,1649751124509822737,473.154,562.028,0.0,20.0,,16940.002,543,724
3391,5d961e7c-0c11-4f4d-9e8d-6d6b64418092,57523974-8e87-4e04-8fd2-5ba9c7f08b68,1649751124545828737,479.859,549.738,0.0,20.0,,16976.008,547,716
3397,5d961e7c-0c11-4f4d-9e8d-6d6b64418092,57523974-8e87-4e04-8fd2-5ba9c7f08b68,1649751124577853737,483.46,558.136,0.0,20.0,,17008.033,551,722
3404,5d961e7c-0c11-4f4d-9e8d-6d6b64418092,57523974-8e87-4e04-8fd2-5ba9c7f08b68,1649751124609902737,465.252,567.819,0.0,20.0,,17040.082,961,693
3411,5d961e7c-0c11-4f4d-9e8d-6d6b64418092,57523974-8e87-4e04-8fd2-5ba9c7f08b68,1649751124645783737,474.406,579.75,0.0,20.0,,17075.963,607,677
3415,5d961e7c-0c11-4f4d-9e8d-6d6b64418092,57523974-8e87-4e04-8fd2-5ba9c7f08b68,1649751124665860737,486.321,579.008,0.0,,,17096.04,620,676
3415,5d961e7c-0c11-4f4d-9e8d-6d6b64418092,57523974-8e87-4e04-8fd2-5ba9c7f08b68,1649751124665860737,486.321,579.008,0.0,,,17096.04,619,676
3415,5d961e7c-0c11-4f4d-9e8d-6d6b64418092,57523974-8e87-4e04-8fd2-5ba9c7f08b68,1649751124665860737,486.321,579.008,0.0,,,17096.04,620,675
3415,5d961e7c-0c11-4f4d-9e8d-6d6b64418092,57523974-8e87-4e04-8fd2-5ba9c7f08b68,1649751124665860737,486.321,579.008,0.0,,,17096.04,621,674
3415,5d961e7c-0c11-4f4d-9e8d-6d6b64418092,57523974-8e87-4e04-8fd2-5ba9c7f08b68,1649751124665860737,486.321,579.008,0.0,,,17096.04,621,674
3415,5d961e7c-0c11-4f4d-9e8d-6d6b64418092,57523974-8e87-4e04-8fd2-5ba9c7f08b68,1649751124665860737,486.321,579.008,0.0,,,17096.04,621,674
3415,5d961e7c-0c11-4f4d-9e8d-6d6b64418092,57523974-8e87-4e04-8fd2-5ba9c7f08b68,1649751124665860737,486.321,579.008,0.0,,,17096.04,623,673
3415,5d961e7c-0c11-4f4d-9e8d-6d6b64418092,57523974-8e87-4e04-8fd2-5ba9c7f08b68,1649751124665860737,486.321,579.008,0.0,,,17096.04,624,673
3415,5d961e7c-0c11-4f4d-9e8d-6d6b64418092,57523974-8e87-4e04-8fd2-5ba9c7f08b68,1649751124665860737,486.321,579.008,0.0,,,17096.04,626,673
3415,5d961e7c-0c11-4f4d-9e8d-6d6b64418092,57523974-8e87-4e04-8fd2-5ba9c7f08b68,1649751124665860737,486.321,579.008,0.0,,,17096.04,628,674
3415,5d961e7c-0c11-4f4d-9e8d-6d6b64418092,57523974-8e87-4e04-8fd2-5ba9c7f08b68,1649751124665860737,486.321,579.008,0.0,,,17096.04,629,675
3415,5d961e7c-0c11-4f4d-9e8d-6d6b64418092,57523974-8e87-4e04-8fd2-5ba9c7f08b68,1649751124665860737,486.321,579.008,0.0,,,17096.04,632,675
3415,5d961e7c-0c11-4f4d-9e8d-6d6b64418092,57523974-8e87-4e04-8fd2-5ba9c7f08b68,1649751124665860737,486.321,579.008,0.0,,,17096.04,637,673
3415,5d961e7c-0c11-4f4d-9e8d-6d6b64418092,57523974-8e87-4e04-8fd2-5ba9c7f08b68,1649751124665860737,486.321,579.008,0.0,,,17096.04,639,673
3415,5d961e7c-0c11-4f4d-9e8d-6d6b64418092,57523974-8e87-4e04-8fd2-5ba9c7f08b68,1649751124665860737,486.321,579.008,0.0,,,17096.04,639,673
3415,5d961e7c-0c11-4f4d-9e8d-6d6b64418092,57523974-8e87-4e04-8fd2-5ba9c7f08b68,1649751124665860737,486.321,579.008,0.0,,,17096.04,638,674
3415,5d961e7c-0c11-4f4d-9e8d-6d6b64418092,57523974-8e87-4e04-8fd2-5ba9c7f08b68,1649751124665860737,486.321,579.008,0.0,,,17096.04,637,675
3415,5d961e7c-0c11-4f4d-9e8d-6d6b64418092,57523974-8e87-4e04-8fd2-5ba9c7f08b68,1649751124665860737,486.321,579.008,0.0,,,17096.04,639,674
3415,5d961e7c-0c11-4f4d-9e8d-6d6b64418092,57523974-8e87-4e04-8fd2-5ba9c7f08b68,1649751124665860737,486.321,579.008,0.0,,,17096.04,641,673
3415,5d961e7c-0c11-4f4d-9e8d-6d6b64418092,57523974-8e87-4e04-8fd2-5ba9c7f08b68,1649751124665860737,486.321,579.008,0.0,,,17096.04,641,673
3415,5d961e7c-0c11-4f4d-9e8d-6d6b64418092,57523974-8e87-4e04-8fd2-5ba9c7f08b68,1649751124665860737,486.321,579.008,0.0,,,17096.04,638,674
3415,5d961e7c-0c11-4f4d-9e8d-6d6b64418092,57523974-8e87-4e04-8fd2-5ba9c7f08b68,1649751124665860737,486.321,579.008,0.0,,,17096.04,637,674
3415,5d961e7c-0c11-4f4d-9e8d-6d6b64418092,57523974-8e87-4e04-8fd2-5ba9c7f08b68,1649751124665860737,486.321,579.008,0.0,,,17096.04,638,673
3415,5d961e7c-0c11-4f4d-9e8d-6d6b64418092,57523974-8e87-4e04-8fd2-5ba9c7f08b68,1649751124665860737,486.321,579.008,0.0,,,17096.04,639,674
3415,5d961e7c-0c11-4f4d-9e8d-6d6b64418092,57523974-8e87-4e04-8fd2-5ba9c7f08b68,1649751124665860737,486.321,579.008,0.0,,,17096.04,638,678
3415,5d961e7c-0c11-4f4d-9e8d-6d6b64418092,57523974-8e87-4e04-8fd2-5ba9c7f08b68,1649751124665860737,486.321,579.008,0.0,,,17096.04,594,710
3415,5d961e7c-0c11-4f4d-9e8d-6d6b64418092,57523974-8e87-4e04-8fd2-5ba9c7f08b68,1649751124665860737,486.321,579.008,0.0,,,17096.04,595,711
3415,5d961e7c-0c11-4f4d-9e8d-6d6b64418092,57523974-8e87-4e04-8fd2-5ba9c7f08b68,1649751124665860737,486.321,579.008,0.0,,,17096.04,588,709
3415,5d961e7c-0c11-4f4d-9e8d-6d6b64418092,57523974-8e87-4e04-8fd2-5ba9c7f08b68,1649751124665860737,486.321,579.008,0.0,,,17096.04,766,875
3415,5d961e7c-0c11-4f4d-9e8d-6d6b64418092,57523974-8e87-4e04-8fd2-5ba9c7f08b68,1649751124665860737,486.321,579.008,0.0,,,17096.04,624,656
3415,5d961e7c-0c11-4f4d-9e8d-6d6b64418092,57523974-8e87-4e04-8fd2-5ba9c7f08b68,1649751124665860737,486.321,579.008,0.0,,,17096.04,612,652
3415,5d961e7c-0c11-4f4d-9e8d-6d6b64418092,57523974-8e87-4e04-8fd2-5ba9c7f08b68,1649751124665860737,486.321,579.008,0.0,,,17096.04,624,637
3415,5d961e7c-0c11-4f4d-9e8d-6d6b64418092,57523974-8e87-4e04-8fd2-5ba9c7f08b68,1649751124665860737,486.321,579.008,0.0,,,17096.04,553,717
3415,5d961e7c-0c11-4f4d-9e8d-6d6b64418092,57523974-8e87-4e04-8fd2-5ba9c7f08b68,1649751124665860737,486.321,579.008,0.0,,,17096.04,478,650
3415,5d961e7c-0c11-4f4d-9e8d-6d6b64418092,57523974-8e87-4e04-8fd2-5ba9c7f08b68,1649751124665860737,486.321,579.008,0.0,,,17096.04,580,696
3415,5d961e7c-0c11-4f4d-9e8d-6d6b64418092,57523974-8e87-4e04-8fd2-5ba9c7f08b68,1649751124665860737,486.321,579.008,0.0,,,17096.04,576,707
3415,5d961e7c-0c11-4f4d-9e8d-6d6b64418092,57523974-8e87-4e04-8fd2-5ba9c7f08b68,1649751124665860737,486.321,579.008,0.0,,,17096.04,572,709
3415,5d961e7c-0c11-4f4d-9e8d-6d6b64418092,57523974-8e87-4e04-8fd2-5ba9c7f08b68,1649751124665860737,486.321,579.008,0.0,,,17096.04,570,698
3415,5d961e7c-0c11-4f4d-9e8d-6d6b64418092,57523974-8e87-4e04-8fd2-5ba9c7f08b68,1649751124665860737,486.321,579.008,0.0,,,17096.04,816,705
3415,5d961e7c-0c11-4f4d-9e8d-6d6b64418092,57523974-8e87-4e04-8fd2-5ba9c7f08b68,1649751124665860737,486.321,579.008,0.0,,,17096.04,814,695
3415,5d961e7c-0c11-4f4d-9e8d-6d6b64418092,57523974-8e87-4e04-8fd2-5ba9c7f08b68,1649751124665860737,486.321,579.008,0.0,,,17096.04,975,662
3415,5d961e7c-0c11-4f4d-9e8d-6d6b64418092,57523974-8e87-4e04-8fd2-5ba9c7f08b68,1649751124665860737,486.321,579.008,0.0,,,17096.04,1030,422
3415,5d961e7c-0c11-4f4d-9e8d-6d6b64418092,57523974-8e87-4e04-8fd2-5ba9c7f08b68,1649751124665860737,486.321,579.008,0.0,,,17096.04,547,693
3415,5d961e7c-0c11-4f4d-9e8d-6d6b64418092,57523974-8e87-4e04-8fd2-5ba9c7f08b68,1649751124665860737,486.321,579.008,0.0,,,17096.04,543,702
3415,5d961e7c-0c11-4f4d-9e8d-6d6b64418092,57523974-8e87-4e04-8fd2-5ba9c7f08b68,1649751124665860737,486.321,579.008,0.0,,,17096.04,536,705
3415,5d961e7c-0c11-4f4d-9e8d-6d6b64418092,57523974-8e87-4e04-8fd2-5ba9c7f08b68,1649751124665860737,486.321,579.008,0.0,,,17096.04,531,703
3415,5d961e7c-0c11-4f4d-9e8d-6d6b64418092,57523974-8e87-4e04-8fd2-5ba9c7f08b68,1649751124665860737,486.321,579.008,0.0,,,17096.04,530,696
3415,5d961e7c-0c11-4f4d-9e8d-6d6b64418092,57523974-8e87-4e04-8fd2-5ba9c7f08b68,1649751124665860737,486.321,579.008,0.0,,,17096.04,58,136
3415,5d961e7c-0c11-4f4d-9e8d-6d6b64418092,57523974-8e87-4e04-8fd2-5ba9c7f08b68,1649751124665860737,486.321,579.008,0.0,,,17096.04,927,704
3415,5d961e7c-0c11-4f4d-9e8d-6d6b64418092,57523974-8e87-4e04-8fd2-5ba9c7f08b68,1649751124665860737,486.321,579.008,0.0,,,17096.04,346,944
3415,5d961e7c-0c11-4f4d-9e8d-6d6b64418092,57523974-8e87-4e04-8fd2-5ba9c7f08b68,1649751124665860737,486.321,579.008,0.0,,,17096.04,346,944
3415,5d961e7c-0c11-4f4d-9e8d-6d6b64418092,57523974-8e87-4e04-8fd2-5ba9c7f08b68,1649751124665860737,486.321,579.008,0.0,,,17096.04,458,945
